1,ACACCCACACACCCACA
2,GAGGAAATATTTC
3,AGAACCAAAAAAAAAAAAAAA
4,CTTTTACCTGTTTGGTTTT
5,GAAATCCAAACAAA
6,GTGGTAATGAAGAAGT
7,TATGCAAGTAATTATTGA
8,AAAATTCAAGTTATTGAC
9,TAATTTCTTTTTTTTT
10,TCAAAAAAAAAAAAAAAAAAAA
11,ATATATATATATATATATATATG
12,AAAAAAAAAAAAAAGGA
13,TCATCATGATTAAATGA
14,GTTGCTTATTTGGCT
15,ATAGGAAAAGAAATAGA
16,ATGATCATGAGTAAA
17,AGTTTGATAATGATGCT
18,ATAAATTTACATT
19,AAAATTTTCTTTCCAAACTCC
20,TATTTATATATAAAC
21,ACATATATATACATATATATG
22,TGGCCAAAGGCAACTTC
23,CTTTAAGGTAGAAACAGAA
24,ATGGGTATTTTGC
25,TTTTCCCCTCTAA
26,TTTATAATTTTTTTTTTTT
27,AAAAAAAAAAAAAAAAAAAAT
28,TGAGTGCTTTGTTCAA
29,AATTATGAATTATTTTTT
30,GTGATGGAAATACCACCT
31,AAGAAGAAGAAGAAGAAGAAG
32,AGTTACAAAAGTGAAA
33,AGTAGTTTTATTTTTTT
34,AGGTTTGTTGTTTGTTT
35,AAATATCTTTGAA
36,GAGACGGTCTTACCAGCACCGGATTCACCACTGAC
37,TTATTTTTTTTTTTTTTGA
38,TTCCTCTTCTTCATC
39,TCAAAAAAAAAAAAAAAAAAAA
40,TGCTTGTTTGATCTTGT
41,TTGTTGTTGTTGTTATTGTT
42,CAGCACCAGCACCAGCACCA
43,GAATTTGAAGCAAAATTGAT
44,ATTGAAATTGCCAAAAAAA
45,GATGATGAAGCTTTGA
46,AGCTTTCTTTGAAACT
47,GTTTCTTCACTCAACA
48,AAGCATGCGAGAGGCCCTGGGTTCAATTCCCAGCTCGCCCC
49,TTGGAGCTGGTGGAATACCA
50,AGACAAAGTTCTCTT
51,ATCGAAAGTACCACCACCCAAGTCGAA
52,ATTCTCCAGATG
53,AGAAGAAGATGACGATG
54,AATTTATACACCTCATTT
55,CTTTTTTTTTTTTTTTTTT
56,AAGTTTGTGTAAAAT
57,AAGGACTAGAACAAGAG
58,GGTCTTCTTCCTTCAAA
59,AATTCGTTTCTTC
60,GAGCAAATATTTGAAAA
61,ATCTTCACCCCATCGACCAAGGCTGAACAAGGTGAACA
62,CGACTTTCTTGCAGTTC
63,AAAAAAAAAGAAAAGAAAA
64,ATTCTTTTTTCTGAT
65,TAGTTTATTGATTTGAAG
66,AGCCCAAAAGATTTCTAATCTTTCGCCTTAACCACTCGGCCAAGTTGCCAA
67,ACTGGAGAAAGCAA
68,AAAAAAAAAAAAAATAAA
69,TGGCGATACCGTTCT
70,ATAATAATAATAATAATAATAAT
71,TCAAAATATTATC
72,AAGTCTTCGGAAGATCA
73,CCTTTTTTTTTTTTTTTTTT
74,ATTTTTTTTTTTTTGGTT
75,AAATAATGGTGATAA
76,GCATATGTAAAAAAAAA
77,TACAACAACAACAACAA
78,TTTTTTTTTTTTTTTTTTCA
79,GAAGAAGAAGAAGAAGAAGA
80,TACCTTATTATTGA
1,TTTATGTTTACTTTTT
2,AAAAAAAAAAAAAAAAAAAA
3,GTAACTTTTATAATCT
4,ATTCTGGTGTGCCACA
5,AATGTTTGAAGCGTT
6,CAATAGCGGTGGCAATT
7,TTTAGCTCAGTTGGGAGAGCGCCAGACTGAAGA
8,TTCTTTTTTTTTTCATTTCT
9,TAAATTCATGTTA
10,ATATTATTAATATT
11,ATATATATATATATATATATAT
12,TTGTGAAATTTTCG
13,TATGATTGCCATTG
14,ATCCAACGATAGAGCTA
15,TTGAAAGAAAAAAGAGGT
16,GGCAATATATCAAATA
17,TAAGTAAAAGCATA
18,TTATTAAGGTTGTTCTCT
19,TTCCATTTTCTTTTTT
20,AAAAAAAAAAAAGAAAT
21,AAAAAAGCAAAAAGAAA
22,ATGGAAGAAAAAGAAGATG
23,ACTGCTGTTCGAAGAA
24,AAAAAAAAAAAGGAAA
25,CAACAACAGCAACAACAACAACAACAACAACAACAACA
26,CAATTAGGAATTTTAA
27,TGGATTATCCAATT
28,TGAAATCTGGTTTAGT
29,GTGATTCAATTTCCCAA
30,TTAGAAAATGATGAT
31,AAAAAAAAAAAAAATTTTT
32,AAAGTACCACCACCCAA
33,ATTTATTTTAATATATAA
34,GCTGATCATGTCATCAC
35,TTTTCTTTAATAAATTAG
36,AATTCAGAAAT
37,TGAGGAAGGAGAAGAA
38,ACAATGAAAATTTGAAA
39,TTTGTGAAACCTGTG
40,TTATCAAAATTTATATG
41,AGGCAGACGAAGAAGGC
42,AAAAAAAAAAAAAAAAAAAAT
43,ACTTCTTCTTCTTCTTCTTC
44,TTTTTTTTTTTTTGGTTAGTG
45,ATTTGAATTAGCCCTTT
46,GGCTGTTGTTGTTGTAAT
47,ATATATATATATATATATATAT
48,AAAATAAAAAAAAAAAAAAAA
49,TTATTTTTTTTTTTTTT
50,TTTGACGATGATGATAAT
51,AGAGGAAATGAAAAACT
52,TATTATTTTTCTTT
53,AGGGTAGAAAAAAAA
54,TTCCCAGATACAT
55,AAAAAAAAAAAAAAAAAAAATTT
56,ACACACACACACATATA
57,TCATTTTTTTTTTTTT
58,TTTGTTTTCAGCTTATTTGAT
59,AATTCTTTGAACAA
60,CTTTTTTTTTTTTTTTTTT
61,ATAGTAATAGTAATAAT
62,CCAAAAAAAAAAAAAAA
63,AATTCAATAAAAGA
64,TCAATTTTTGAAAAA
65,AATTCTTTTTTTTTG
66,ATTTTTTTTTTTTTTTTT
67,ATTCATCAATTAAAC
68,GTTTCTCGAAATTTTTC
69,TGATATTCTCTACGTCA
70,AAAGTTGAATTTCAAG
71,AAGAACAGTTTTTGA
72,TTGATAAAAATTAATATAA
73,GAGGTGTCTTGTTTTC
74,TTTTCTTTTTCACATATT
75,TGCGCAAGCCCGGAATCGAACCGGGGGCCCAACGATGGCAACGTTGGATTTTACCACTAAACCACTTGCGC
76,TGTTTTCATGCTCAAT
77,CAAGTACCACAAC
78,TCTTTTGGTCCGTTTT
79,AGAGGAAGAAGAAGAAG
80,TTTTTTTTTTTTTTCAG
81,AATTTGTAATGGAAAGGA
82,CAACATCGTTTTGTAG
83,AAAAACATCGTGTGTCT
84,TTTGAAAGAAGTTGAA
85,GACTTACTCAGTTTGA
86,AATGATAAGTTGATAC
87,GGCAACTTGGCCGAGTGGTTAAGGCGAAAGATTAGAAATCTTTTGGGCT
88,CAAGGAAAAAAAATTG
89,AATTAGTTCATTAATATCAA
90,AGATGGCTTCAGTATT
91,TATTAGTGGCATTTTTT
92,GAAAATTTTTTTTTTTTT
93,TTTTTTTTTTTTTTTCGA
94,GCTTCTATGGCCAAGTTGGTAAGGCGCCACACTAGTAATGTGGAGATCATC
95,GCCAATGATTTAAACTGGTA
96,TCATCATCATCATCATCATCATCATC
97,TTTTTTTTTTTTTTATGGAAA
98,CATATTACATGGCATT
99,CTTTTGGTTTCTTAATTT
100,CCCCATGAGAAGTCATCAAATTTCCA
101,TTTTTCAGTGAAAAAAAA
102,TTTCAATTTCATCTCT
103,TGTTTATAATTTTTTTTTTTT
104,AATGGCAGGTTTGAA
105,AAAAAAAAAAAAAAAAAAAATTT
106,TTCCAGTGAGTGTATGGAGCATGAG
107,CAAAAAAATAAAAAAAAA
108,TTTCACTTGATCTTCCC
109,ACAGCAATTTACAGGT
110,AAGTTCTTTCTTCAT
111,GATATTATTACTGGTGCTTC
112,ATTATGTCTTGGAGAAAA
113,ATGGTATTTCCTTGATAGAATGGGTGA
114,CCATATTTCTCTT
115,TCCAACCGAGGTTCGAACTCGGGA
116,CTCTTTTTCTTTTTCTTTT
117,TATTATTATTGTTAT
118,TTCTTTACTGCTGGCAA
119,CTAACATTTTTATAA
120,CTCTTTTCTTTTTCTTTTG
121,AAAAATGCTTGTTCAGC
122,CGCTGTCACATGAT
123,TGTGTGTGTGTGTGTGTGTGTGTGTGTA
124,TTGGTTCATTTGCAGAA
125,GGTAATCTCTTTGAA
126,ACATTGTGAAGAATAA
127,TTCTTTTTTTTTTTTTTA
128,CCGGTCCCACAAAATATG
129,CCTCATCTTGTTTTTC
130,CATAATTTTCAACCA
131,TCATGATCTTCAAGT
132,AATTCACTAGT
133,GACAATCCATGCATTTA
134,ATGATAGAAATTACGAA
135,CAAAAAAAAAAAAAAAAAAA
136,GAAAATGATAAAGT
137,TCTTCTTCCTCTTCTTCT
138,TTTTCATTAAGTGGA
139,AGCTCGCGTGGCGTAATGGCAACGCGTCTGACTTCTAATCAGAAGATTATGGGTTCGACCCCCATCGTGAGTGCTTT
140,GACTCAAAGAATTTC
141,AAGCAAATTTCTTCCCATATTCAAGT
142,AAATCTAATTGATAAT
143,GAAGTTTTATTGAATAC
144,GAATTTTTTTTTTTTCACT
145,TGAAACAAAAAAAAAAAAA
146,TTCCAATATCTACAACAA
147,AAGAAATGGACATATT
148,TTGTTTTGAAGATAGTG
149,AGAGTGTTGTGTC
150,TTTTTTTTATTTTATT
151,TGAATGTAATATCAT
152,CACTGTAATAGCTTT
153,TGCAAGACCATTCGTTT
154,AATTCGTTTGCAG
155,AATTGAAAGCTCAA
156,TTTTATAGATATAGA
157,CAGCAACAGCAACAGCAACAG
158,TGAAGGACTCTAGCCC
159,ACTTTTTTATTTGTA
160,GTTGTTGTTGTTGTTGTTGCTG
161,CTCTTGCTTTGATTTT
162,TATATATATATATATATATATG
163,GAAACAAAAAAAAAAAAA
164,AAATAATAAAGTAAAAAAAAAAA
165,GACCTGCCCAGCGGGGTG
166,AAACTCTCACCAG
167,AAAAAAAAAAAAAAAAAAA
168,ACATTTTGGTTTACCA
169,TCAAAAAAAAAAAAAAAAAAAA
170,CAAATGGAAATAAGCA
171,CAGCAACAGCAACAGCAGCAACAGCA
172,AAACAAAAAAAAAAAAA
173,TTCTTCGACTATATTC
174,TTACTAAAGATGCAAGT
175,CTTCATATCTAACT
176,ATGAGTTTGTGTCTAC
177,TAAGAAAAGGTAACAA
178,ATCTTTTCATCATCAT
179,CAATTTTTTTTGTTTTGT
180,AAGCAATATTTGAAT
181,ATATGCTGAAGAAGA
182,ATGAGGATGTTTTGAAAG
183,AATTGATTAGCTAAAATT
184,CCGCCTTCAATTGATAAAA
185,TCATCATCATCATCATCATCATCATCATCATCATCA
186,CTGATTTTTTTTCTGT
187,CTTTCTGAAATTAGT
188,TTTCTCATCACTACTCAA
189,AAAAAAAAGAAAGAAAA
190,TTGGTGATTCCTTTACTGTT
191,TTGAGTTTTCTTCCT
192,GAAGCTTTTCTTAGTGG
193,CTCCATAAACTTGAAAA
194,CACAGAAAACTA
195,ATATATATATATATATATATAT
196,GATTTTTTTATATTTTAAT
197,CTCAAAAAAAAAAAAAAAAAA
198,ACTGTCCTATTATTT
199,TTACAAGAAGCTGAAAGA
200,AAAAATTTTTTTTTTTTT
201,TTTTTTTTTATTTTTCA
202,AGTTGTTGTCTTTAT
203,GATTTAAAAAAAAAAAA
204,TGTTAGTAAAGTTGT
205,ATAATTTTTTACATAAT
206,TTTTTCTTTCTTTCCTTCT
207,CTCCAACTTCTCCAT
208,AATCATCCAACAGTAA
209,GATGCGATGCTCATC
210,TTGTCCAATTCCTTG
211,TTCTTCGCCTTTCTTG
212,TTACACTAATTATTAAT
213,ACGTTCTCTAACTG
214,ATTTTTCTTCAAATGTAA
215,CAAGATATGTATTCTGT
216,GGCTCAAATTGCTCCA
217,TAAAAAAAAGTATAAA
218,TAATGCCAAATTGCAT
219,TCCGATATAGTGTAACGGCTATCACATCACGCTTTCACCGTGGAGACCGGGGTTCGACTCCCCGTATCGGAGT
220,ATATATATATATATATATATAT
221,CAGCAGCAGCAGCAGCAACAG
222,AACATGAACATGAA
223,ACACACACACACACATATA
224,TAAATAATTCGTTTGC
225,AGAAACAATGTCAATA
226,GTCTGTTTTGGTTGT
227,AAAAAAAAAATGAAAAACT
228,GATTTCAGTAGAAACGGTA
229,TATATATCATACTCTA
230,GATGTCCCTATGGAT
231,CAATCTCAAAAATTT
232,TAGATCTTTATCATTG
233,CAAAGTCTTACCAGAACCTG
234,TTGTATTTTTTTTTTTTTT
235,AAAATATCAAAAGTAAA
236,AATGCTTTAAAAAAAAAT
237,TTTTCTTTTCTTTTTTTCT
238,TTTTTTTTTTTTTTTAGT
239,ATATATATATATATATATATATGT
240,TTCGTTACTAGAAGAA
241,AAAAAAAAAAAAACATT
242,TAAAAAAAGGAAAATA
243,TTTTTTTTGGATCAGTT
244,ATCTACAACTCTTTGAAA
245,AAAAAAAAAATGAAAAAG
246,GCAGGTATTTTGGTT
247,AGAATGGCAGCAA
248,TTTATCCTTTTTTTTTTTA
249,CAAAAAAAAAAAAAAATA
250,GACGCCGGTTGATAAT
251,TTATTTATTTATTTAG
252,CAGAAATTTTTTATCAT
253,TATTTTTAAAAGGATATT
254,GATCCGAGTCTAAAGAGT
255,GAAACTAGATGCAAGATC
256,TGAGGTGAAAAAAATTTT
257,GTCAGTGGTGTCGTCGT
258,ACACACACATATATATA
259,TCTTGGAAAATTC
260,TTTCGAACTCTTCCT
261,TGGTTCACCTATTTCTGA
262,AAAGATTTCTCAACA
263,TTTTATTTGGCTCTTTGAC
264,GGATATTGAAATTTACT
265,GAAGAAGAAGAAGAAGACGA
266,CAGCACCGACCAATTGAAA
267,AGCGGCTAGTATATA
268,ACACACACAAAAAAAA
269,CCAAAAAAAAAAAAAAA
270,TTATTCATTTTTTTTTTT
271,CAACAGCAACAGCAGCAACAGCAACAGCAACAG
272,CCTTTCCAAAACGTCTTTAA
273,GAAAAAAAAAAAAGAGG
274,TATTTTTTTTTTTTCAA
275,ATCTGAAAAGAAAAATA
276,TTTTGTTTGTTCTAAA
277,TTTTTCTTTTCTTTTTTT
278,TCAAAATGATACCATTTA
279,AAACCATAAATGGT
280,GGTTTCTTTCTCGGGA
281,AGAATTAAAAAAAAAA
282,ATACTTTTCTTTTCTTT
283,ATGATTTTTGTTAGA
284,TTTTTTTTTTTTTTTTTTCA
1,ACACCCACACACCCACA
2,TGAAATTGCTTCCTTTTT
3,ATTTGAGAGAAAATATTT
4,TCAAAAAAAAAAAAAAAAAAAATT
5,AATATATATATATATATAT
6,ATATTTCAAGAAAA
7,GATTTTGATTCTGAT
8,TCTTTTATGGATAAGTTTA
9,AAAAAAAAAAAAAAAAAAAA
10,GAAAAAAATCAAACAA
11,TTTTCTTCTTGTTGTT
12,TCAAAAAAAAAAAAAAAAAAAA
13,ATATATATATATATATATATATGT
14,AATCATCAGCATCAT
15,CAAAAAAAAAAAAAGAA
16,CCAACAACATTGAT
17,AAACAAAAAAAAAAAAACA
18,CAAAAAAAAAAAAAAAAA
19,ATATATATATATATATATATA
20,ATATATATATGTATAT
21,TTTCTCTCTTTCTTGTA
22,ATTTTTTTTTATTAATT
23,CTAATTGGTTCTC
24,AAAAAAATAATAATGAA
25,CATTATCAAACTTTAC
26,TTGGAATAAAAATCAA
27,ATTTTACATCAGATTTT
28,GTGACTTCAAATCCCTC
29,AATTCTCTCATTAGTA
30,AGATGATCAAATAATT
31,TATCAAATGAAAACAC
32,AAAAAAAAAAATAAAAAAAAC
33,TATATATATATATATTGATC
34,AATATTGTTATTGTTGCAT
35,CTTCTGTTTAGTTCT
36,AACTTGGAGACAAAAA
37,TTTCACAAAATTGTGCCT
38,CATAGAGATTTGAAGCCTGA
39,TATAAGGATTCCAATAC
40,GTAGGTTCATCCAAAAA
41,ATGCGCAAGCCCGGAATCGAACCGGGGGCCCAACGATGGCAACGTTGGATTTTACCACTAAACCACTTGCGC
42,AATGCAAAGGAAAACTG
43,AATGATAGGACATAA
44,AAGCGATAACAATGAA
45,TAGTATATTATCACAT
46,AGCGCCGTGGCGCAGTGGAAGCGCGCAGGGCTCATAACCCTGATGTCC
47,TTGCATATTAAACAGG
48,ATTGTATTTTATTTTTT
49,AAATTTGAAAAAAAAAA
50,CAAGGATGCGTCTTTT
51,ATTGTGGTAAACCTCA
52,TGTAGTTTCTCTTC
53,AGGTCCTACCCGGATTCGAACCGGGGTTGT
54,CACTCCTCCACAAAT
55,TGATTCTCAAATTA
56,AGAACTTTGTTGTGGC
57,GCAAGCAGACAAATTT
58,CCTGTTTTGCACTTT
59,TTTTTCAAATACAA
60,ACCATAGAAAGACACAT
61,AGTTCAAACTTGGTTTCA
62,GTTGATGAGAGTAAAGAAGA
63,GGTAGATTTGTTCC
64,TTATTTCTTCATATTT
65,GTAAATCTGGTCCTTATTGGT
66,CTTCCTCTTCTTCTTCATCAT
67,TTTTTTTTGATTTTTTTA
68,ATATTCTTTTGCATTTA
69,ATTATCAATAAAATATA
70,CCAATACTCTCAAAA
71,AAAAATGAAAAGTACA
72,ATACGTTATATTTT
73,AACCAAAAAAAAAAAAAA
74,TAAAGAAGAAATTAAA
75,GATTATCCTTAATG
76,CCTCAACAAATTCTTT
77,TATTTCCTGGTTTTCA
78,CAAAGCATCTAATAAT
79,ATATATATATATATATATATATGTG
80,TGGCCGAGTGGTTAAGGCGA
81,TTTTTTTTTTTTTTTTTTCA
82,TTATTTCGTTATTCA
83,AAAGAAGAAGAAGAAGAAGAA
84,TTTTGGTTGGGATGGT
85,CACTTTGGAAAACATCTT
86,AATTCCTTTGTAGT
87,ACAGAAAAAATAAATAA
88,ATATATATATATATATATATATG
89,ATGCATAAAATTAT
90,TATATATATATATATATATA
91,TCATCATCATCATCATCATCATCATCAT
92,CTATTTGTATCTCTGT
93,TGATAAAGAAACTACTA
94,TCTGTAGTTTCTCATC
95,ACTGCTTTTGGCTCT
96,ACAACAACAACAACAACAA
97,GAATATTGTATTATTAT
98,ATGTTTACAAAAAAA
99,TAAGCTTCTATGGCCAAGTTGGTAAGGCGCCACACTAGTAATGTGGAGATCATC
100,TGATTTGTATATTTAA
101,ATTAAAAAAAAAAAAA
102,AATGAACTATTGTTAA
103,CTAGAGAACATTTT
104,ATATATATATATATATATATAT
1,TTTTTTTTTTTAGTATTT
2,ATATATATATATATATATATAT
3,GAAACTTCGAATGTTGT
4,TGATGAAGAAGATAG
5,AACCTGGCCAGCTAACC
6,ATATATATATAATATATA
7,AGAAATTCTCCCAAATG
8,GCATCCCAGGCATCTT
9,GGCTTTTGAGTGATGA
10,TATTAAGAGAATTGCA
11,CGAAACCAAAATACCG
12,CTCTTGATAGATTTTC
13,CAAGTTAAAAATGAAC
14,GATTTGAAAATAGAG
15,TTCGATTTGGGTGGTGGTACTTTCGAT
16,AGAAGAAGACTGGT
17,TTAACCCAGATGAAGCTGTTGCT
18,ATAATGGTAAAAAGGGACA
19,AGATGATGATTTGGAA
20,AGGAAAACGAATACGA
21,ATATATATATATATATATA
22,CTTGATAGCTCTCCACT
23,GTGCTAATGTTCTT
24,GTTGAAAAATTTGGATA
25,AAAAGTAAAGGATG
26,AAAATAAAAAGCAAA
27,CTTTTTCTTTTTCTTTTT
28,ATATTTACAAATATA
29,CCAGCAACATCAATCAG
30,AATTTGAAAATTTGA
31,GAATTTGAGCAAAATT
32,AAAGAATGTATGATAT
33,TGTTATTGTTATTGATG
34,TTTATTTTTTTTTTTT
35,GATGTTTTTGTTTTTC
36,TCAGAATAATGAAAAAT
37,GCGCAAGTGGTTTAGTGGTAAAATCCAACGTTGCCATCGTTGGGCCCCCGGTTCGATTCCGGGCTTGCGCA
38,CATAAAAGGAAAATTAA
39,TTATATTTCTTATTTG
40,AAAAAAAAAAAAAAAAAAAA
41,CATTTTCTTTCTTTTTT
42,AATAAAATCCTAAGGC
43,AAAAAAAAAATGAAAAA
44,GGTTCTGTTATGA
45,CAGCGGAGAAGTAAGTG
46,TCAAAGACTTCAGGTT
47,AAGCTCTACCATTAAT
48,AATTCTTAAATAGTT
49,ATTTTCAGTACAATTTT
50,AAAAGATAACAACGAAG
51,GAGTCTAAAAATGTGAA
52,ACCACCATTTTCAAGGA
53,TAAAAAAAAAAAAAAAATAA
54,GCCACCAAGATCAAGA
55,CTCCAAATACACTAAT
56,AAGAATTTAAAACAAA
57,GACTTTTTCAGTTTT
58,CTTTTTTTTTTTTTTTTTTAG
59,GTTTAATAATTCACA
60,AGATTTGAAATAAAAAA
61,AAGAAGAAGAAGAAGAAGAAG
62,CTAGCAATTTGTCCA
63,AGCGCATCCAATTCT
64,ACCTTGACTTTGAGATAC
65,TGTATATATGTAGATA
66,CCATTTCTGGAATAA
67,TTTTCAGCAAGACCGAT
68,CAGCAACAACAGCAACAACAACA
69,AAAAAAAAAACTGACGT
70,ATCTAAAATAAAGGAAG
71,AAAAGAAAAGAAAATT
72,CTTCTTCTTCTTCTTCTTC
73,TTCCTCTTCCTCTTCTTCTT
74,GATCTTGGACTTGAAAA
75,TTATATTGGCACCATTT
76,GTCTCTGAGAAGCCTAA
77,AGCATTATTTCTTCTTGC
78,ATATATACATATATATGTT
79,TTGATGCAGATAAATTT
80,TCTTCTTCTGCTTCAGT
81,ATATATATATATATATAT
82,TTGAAAAAAATCAAACA
83,ATATATATATATATATATATATGT
84,GACGACATGGGTTTCGGTTT
85,AAAAACATCGAAAAGATTAC
86,CAATTTTACCATTAT
87,ATATATATATATATATATATA
88,AGAAATATATCAAAT
89,TACCAAGGATATCAGTA
90,ATTGAGAAACAAAAAAT
91,CAAAACCCCATTGAC
92,AATTACAGATGCAGTTA
93,GTATTTGATCAATTC
94,CCTTTCCAACCTTACCC
95,TTTGAAATTTTGAAATT
96,TCTAGTAGTAAGGATAG
97,TAAAATTTGTAGAATC
98,AAAACAAAAGCAAGAA
99,AAATGTCATACAATGT
100,TGTTGTTGTTGTTGTTG
101,AGTTTTTTTTTTTTTTTTTT
102,TTGGATAGCAATGGAACA
103,TTTTTTCTCTCTTGGCAA
104,TGTCAAATACAACAAGAT
105,GCTTATTCGGAGAA
106,AGACTTGGAAGATGTT
107,TGTTGTGGTTGCGGTTG
108,AAAAAAAAAAATAAAAAAAAAA
109,ATCCGCTTATTTGGCC
110,AGAAAAGGCTGAAGCTGAAGCTG
111,GTGGTAGCATAATC
112,TTTTTTCGTTTCGT
113,CAACTACTTCTCTT
114,AAAAAAAAAAATAAAAAA
115,AGATTTTTAATATATA
116,AATCATAAAAAAAAAT
117,TGTGACCTTTCAAAG
118,ATATATATATATATATATATATGT
119,CGTAAATCAGAAAATT
120,ATATATATATATATATATATAT
121,AGCAGCAACAGCAGCAGC
122,AAAAAAAGAAAAGAAAA
123,ATTGTGAGACAACAGA
124,TAATGGTACCATC
125,ATATATATATATATATATATAT
126,AACGATTTTCTTT
127,ACTGGTTTACCAAAA
128,TGATGAAGAAGATGATGA
129,ATGAAAAAATGAAAAAAAGA
130,TCATTCATTCTACA
131,AATCTTCCTTGATAC
132,TTTTTTTATTTTTCATTTT
133,GATGAACGTTATCAAA
134,AGTTCTTTCTTTTTTTCT
135,GGAGGGAAACCAC
136,ACCATATTCTCAACA
137,TTCTACTTTTCT
138,ATTTAAAAAAAAAAAAAAA
139,ATATATATATATATATATATAT
140,TTGTTGTTGTTGTTATTGTT
141,TAGTTTTTTTTTGGTTTTG
142,TCACCATTTGTTGTG
143,AAAAAAAAAGTGAAAAA
144,ATTTTTTTTTTTTTTCA
145,ATATTGTAAATATATA
146,ACATTGAAAGATCTGCC
147,TTTTTTTTTCAAATTTTTT
148,AATGGTAATAACAATG
149,TGAAAACGATGAAG
150,AATTCAGGTCTATT
151,GATGATCTCCACATTACTAGTGTGGCGCCTTACCAACTTGGCCATAGAAGCTT
152,GGCAACTTGGCCGAGTGGTTAAGGCGAAAGATTAGAAATCTTTTGGGCT
153,GTTGTTGTTGTTGTTGTTGC
154,ATATATATATATATATATATAT
155,TATTTGTAAAGAA
156,TTAATCTCAAAAATA
157,AAAAAAAAAATAAAAAAA
158,TTCCTAGTGAA
159,ATATATTATAAATATAT
160,CTTCGGCTTTTTC
161,AATTCAAAAAATG
162,TTTTTTAACACTCACT
163,CAGAGTTTCTAAACTTT
164,AGAAAATTTTTTCTTT
165,AAAGAAAAGGAGAGGGC
166,TCAAAAAAAAAAAAGCT
167,TACTGTTGGGATAATGCCACTAGAGGT
168,GCTCCTGCAATGAACCAAATCCAAG
169,AGATATGATATTTCAAA
170,ATATATTGAGACC
171,TCCAACCGAGGTTCGAACTCGGGA
172,GTCATCACTGAACCT
173,TTGGTTGTACCAGA
174,TCTTTTTTAATATAT
175,ATCTCTTTTCTTTTTCTTT
176,AATTCATTATATTTG
177,ATATATATATATATATATATA
178,CAAAAAGTAATTCAGG
179,ATATTTTATTTTATTTT
180,TAAAAAGGTCAGTT
181,GTACATTCTTGCCGTT
182,TTTTTTTTTTTTTTTTTTAG
183,TCTTCTTTTTTTTCTTC
184,AATTCCACCAAAGA
185,ACTTGAAAACATAATC
186,AATCATTTGGCTCCGA
187,CTTTTTTTTTTTCTTT
188,AGATACAGAAAGCGT
189,CAAATACTTCTGAAAAAT
190,AAAGAGAGGATTGG
191,TCAATTTTGGTATCA
192,CAAATACTTCTGAAAAAT
193,AAAGAGAGGATTGG
194,TCAATTTTGGTATCA
195,CGTTATCTGATAAGCA
196,AAAGAGAGGATTGG
197,TCATGGATATTAGAA
198,TTCAGCGGCTTCTT
199,ATATATATATATATATATATAT
200,CTGAAATGTTGGACAT
201,TTGTTGGAAAATAGAAA
202,AGTTAGTTGTGATAG
203,GAACAACTGAAGGAAAA
204,ATTTTCCTTTTTTTTT
205,CTAGTTTTTTTTTTTTTTTTTT
206,AAAAAAGAATGATC
207,ATTGAAATTGATGA
208,AGCATGGTATCAAG
209,TGAACAAGGGTGATGA
210,GTGGAAGTAAGATCTTCT
211,AAATGCCTTTCAG
212,TTCTGAAGATAAC
213,ATTTCTTTATTTTTTTC
214,AGCTCGCGTGGCGTAATGGCAACGCGTCTGACTTCTAATCAGAAGATTATGGGTTCGACCCCCATCGTGAGTGCTTT
215,TTGTTTGAAGGCCCAATC
216,CTGCAACTTTTTATTAG
217,CAATTTCTTTTACAAAT
218,TTTTATATGTATATTT
219,GAAAAGCTTTTAAAGAAC
220,TCTCATACCAAGGA
221,GACGACGACGACGATGATGA
222,ACTTTGAAACATTTTAAT
223,GTTTTATGGAAGACT
224,CTTTTGCCTTACCAGT
225,ATCCTTTTTTTTTTTTTTTTTT
226,TTTTCTTTTTTTCTTC
227,GATGATGATGATGATGATGA
228,ATATTATTAAACA
229,AAAAAAAAAAAAAAAAAGA
230,TTAACTTTTCAGAG
231,GAATACATTTTTTTTC
232,AACAACTGTATACAATTA
233,TGCAAACCGGACAT
234,CATTTCTCAACCTATTT
235,CTCTTCCTCTTCCTCTTCTTC
236,AAAAAAAAAAAAAAAAAAA
237,TCAGCACCCAAACATGA
238,CTTATTTTGATCTTTT
239,AAAGTGGTCTTACCGGTACC
240,TAGACTTACCAATACC
241,ATTTTTTTTTTTTCACTTT
242,GCTGCAAAAAAAAAAAAA
243,TCAATTTGAAAAACC
244,AAAAAAAGGGAAGAAT
245,CAAAAAATGTACTA
246,AATTTTTTTTTTTTAATT
247,CATGTATTCTTCCACAA
248,AGGTCCTACCCGGATTCGAACCGGGGTTGT
249,AATTCGTTTCTTC
250,GAGCAAATATTTGAAAA
251,CAACAACAACAACAACAACAGCA
252,CAATATGAACACCTAGT
253,AAAAGATGTTGGTAATG
254,CACCCATGGTAGATTGT
255,AAAAAAAAAAAAAAAATAA
256,TTTCTTTTCACTAGCAATT
257,TTCTATATATTATTTC
258,GTGTGCAAATCGGAAGA
259,CTTCAATTGAGTTATC
260,ATTCTGGTCATTATTG
261,CTTTTTTTTTTTTTTTTTT
262,GCACAGAATGCGTTC
263,GTACAAAAATATCA
264,AAACTTATGCATGAGAAG
265,TCGAAGTTACTGCTGA
266,CAAATGCACAGAACA
267,CCTTGGTCAATTCTAC
268,TTGGTTCCCATCAT
269,TATATTTTTACTAAGTT
270,TTATTAAATTTTGATAT
271,ACATACTTGTAATTT
272,TGCTGCTGTTGCTGCTG
273,AAAATAAAAATAAAAAAACA
274,TCAAAAAACGTCATT
275,TAATTTTTATTTTTTAAT
276,TAGGTGCCTTCAAAA
277,TTCATTTTACAACTATG
278,AACTTATGTTCGTTTTG
279,TACTACAAATTCTAAAT
280,GTTTTCAAAACATAAGCAAGC
281,TGAGTTATTTTTTTATCC
282,TGATTCATTTTTATTT
283,AGCTTTTCTTTTTCA
284,TATCCTGAAATGCTAAATA
285,TACAACAACAACAACAACAACAGCAGCAGCAGCAGCAACAGCAGCA
286,TACAAAAGAAGTATTAT
287,GAAAAGAAACTAGAAC
288,CCATACTGTGGTATC
289,CCATACTGTGGTATC
290,GAAAAGAAACTAGAAC
291,GAAAAGAAACTAGAAC
292,GAAAAGAAACTAGAAC
293,GAAAAGAAACTAGAAC
294,GAAAAGAAACTAGAAC
295,GAAAAGAAACTAGAAC
296,GAAAAGAAACTAGAAC
297,GAAAAGAAACTAGAAC
298,GAAAAGAAACTAGAAC
299,ATAATATAATGAGTCA
300,ATCAGAGAAAGAAAA
301,TGTCCGTTTCATTTATATT
302,TCATCATCATCATCATCACTAT
303,AATATAATTTTTTAAA
304,CAGAAAAAATAAATAAAA
305,GACATCGTCTTTT
306,AGACCAGGGTTCATTA
307,AACAAGAACTAGAACAA
308,AAGAAGAGAAAACTCAA
309,AAAAAAAAGGGAAGAA
310,GATTTACATATTTTA
311,TGATAATTGCAATTTT
312,TATCTTTTTTTTTTGA
313,AACAAAAAATTGAAAAGTAA
314,AAAATTTTGCCAAA
315,GAAAATGTAACCGTTTC
316,TTTTCTTTTCTTTTTT
317,ATGAATGATTTTACTAA
318,TGAGTACTCAAAATC
319,TTTCTTTCTTTTCCTAT
320,AATAATCATTTCTTGAA
321,TCATCTTCATCTTCATCTTCATCTCC
322,TTGTTTCTTATCTT
323,AGGTCCTACCCGGATTCGAACCGGGGTTGT
324,GACTTACTCAGTTTGA
325,CATCATCATCATCATCATCATCAT
326,ACTAATGGAAATTGTT
327,AAAGAAGAAGAAGAAGAAGAA
328,TCAAAATACCCACTGA
329,TTTTTTAAACCTTTTG
330,AAAAAGAAATCAAAAAGCA
331,CAATTGCTCTCCTTATATA
332,TAGAGAAAAGAAAAT
333,ATGTTACCATTCATC
334,AACGAAAAAAAAAAAAA
335,AATAATAATAATAATAATAATAA
336,TAATATATATATATATATATATAT
337,AAAATTTAAAAAAAAAAAAA
338,CAGTTTTACTATCAATC
339,CTTTGCCAGTGAAATG
340,TTATTACTTTAACATTA
341,AAAGAGTTGAAAAA
342,TTTATATTAATTTTTT
343,ATATATATATATATATATATATGT
344,TTGTTTCTGCTCAGTATC
345,AATTCG
346,CCGGATTCGAACC
347,CAACAGCAATAATAATA
348,ATTCAACAATGATG
349,ATTTTACATCAGATTTT
350,AATTCGTTTCTTC
351,GAGCAAATATTTGAAAA
352,TTTTTTTTTTTTTTTTTTCA
353,ATATTTCAAGAAAAT
354,AAAAAAAATTGAAATGCGGT
355,AAAGTTAAGTACAAATA
356,TAGTTTTTTTTTTTTTTTTTT
357,TTATTGTGCTATACTT
358,AGAAATAGAAATGGAA
359,TTAATTTATAAGAATAA
360,CGACAATGAGTCAAA
361,TAATTATCAAATTT
362,AAATGATTCGCATCAAA
363,TATTAAAAAATTCAGAAA
364,TTTTATTTTTTTTTTTTTT
365,GTTATTTTTGAATTTTT
366,TGTAATGGTAATATTT
367,CTTTTTTTTTTCATTT
368,CAAAAAAAAAAAAAAAAAAAAT
369,TGCTGCTGCTGCTGTTGTTG
370,CCATTAAAGAAGATAATGA
371,ATATATATATATATATATATAT
372,AGTTTATTTATTTATTT
373,ATAAATTCAAAAAATG
374,GTAAAGAAAAAAAAA
375,CAATAATCTTCAAATCA
376,CCTTGTGTTCATTAAT
377,TCAATACATTTGA
378,GATAAAGGTCTTTGTTG
379,ACTCTCGGTAGCCAAGTTGGTTTAAGGCGCAAGACTGTAATTT
380,ATTATTTGGTTTGA
381,AAAAAAAAGAAAGAAAATAA
382,AGAAAGAAAAAAAAAAAAA
383,AATAAAAAAAAAAAAAAAA
384,ATTTTTTTAACTTTCTA
385,CAGCAAGTGGAATCAT
386,AAAGCCTTGGTCAA
387,AACTCGGATGCTTT
388,AATGAAAACAATAAC
389,TATTTTTTTTTTTAGTT
390,TTTTAGCTTCAAATAA
391,AAATGCTGAAAAAAAAAA
392,AGCCCAAAAGATTTCTAATCTTTCGCCTTAACCACTCGGCCAAGTTGCC
393,AATTCGTTTCTTC
394,GCGCAAGTGGTTTAGTGGTAAAATCCAACGTTGCCATCGTTGGGCCCCCGGTTCGATTCCGGGCTTGCGCA
395,TTTTAGTATTAATGA
396,TGTTGTTAATTTTGA
397,TAATTTTTTTTTTTTTCA
398,TTGTGAATGTTCTTGC
399,TTCTTTTAGCATACCCT
400,AAAAAAAAGAAAGGAA
401,ATGAAAAAAAAAAAAAAA
402,CTTTCTCTTAAA
403,TAAAAAAATAATTAGT
404,ATTATTCTTATTATTA
405,ATTTTTTTATTTTTAAT
406,ATCATCATCATCATCTT
407,TAATGTCCTTTTGTA
408,AGTCAGAGAAACCATGGT
409,AAAAAAAGGAAACTGG
410,TCATCATCATCATCATCATCATCATCATCAT
411,TTTCTCTTTTTAGAAT
412,CTCGTGGTTGCAAGTGA
413,TGAATTTTTTCACTTTT
414,TGTTATTGCAATCTTTC
415,AAAAAAAAACATATATAA
416,AAAGAAAGAGAAATAA
417,GAAGAAGAAGAAGAAGAAGA
418,AGAAGAAAGGATAA
419,CCCAATTCCTCTTCGATT
420,AAATCTATGACAAAAACT
421,ACCAGCAAATTTAA
422,TTAATTATTGAAGGA
423,TAGATTTAGTAGCT
424,GTTCTGAAATGCTATT
425,AAAGAAATTAAATTA
426,TTTAGTGAAATTTTTA
427,TCGAACTCGGGACCTTTGCCGTGTGAAGGCAACGTGATAGCC
428,TTTGCTGATATTAT
429,ACTATGACTTTCAAAT
430,TTTTTTTTTTTTTTTTTTCA
431,ATGAAAAAAAAAAAAAAA
432,CAGATTTGAAGGTTTCTA
433,TCTTCAGTCTGGCGCTCTCCCAACTGAGCTAA
434,AGTTTGGGTGGTATT
435,TAATTTTCCTTTTTTTTTTT
436,AATTTTTTTTTTTTTTTTGC
437,CACTAAAATCCTCCAAA
438,TGTTAAATCTATTACTT
439,TCAAATTCATATT
440,ATGATGATTTGTTTGAA
441,CTCAGACAAAAGATG
442,ATATTTGTATTTTATTCT
443,TTGTTGTTAATATTATT
444,TTTCTTGGCTATTGTCTT
445,GTGGCAATAATAACA
446,TTTATTTTTTTTTTTTTT
447,AATTCAAAAATTCAAAAAT
448,ATCATTTTGAAAAAA
449,TCATCATCATCATCATCATC
450,TCAATTTTTTTTTTTTCAG
451,CAATACAACATTTGA
452,ATCATTAGGTTGATTTCT
453,CAGAGATTTAGGAAGTT
454,ATTCTTTTTTTTTTTTT
455,AATGCATAAAACAATA
456,TCGCCTTAACCACTCGGCCA
457,GAAGAAAAACTGGATGAA
458,CCATTTTCTTTTTATT
459,CTTGACTTTTGT
460,GAAAGAAAAAATTTTCC
461,TTTTTTTTTTTTTTTTCA
462,CCAGTATCTATTGATA
463,CGTCATTGGTGGTGGTGAC
464,AATTCATCGACAGTG
465,GAACTTAAATTGAA
466,ATTTGATTGATGATTT
467,AGTAGATGATCATTCTG
468,TAACTCAATTGGAGAG
469,TGATAATTTACCCTTAA
470,TTGTCACTTTCCTCA
471,ACTTTTCATTATTA
472,ATACAAGTTTTTCTGAT
473,TGTACATTTAAAAATGG
474,ATTTCAAGATTTTTTT
475,TCCATATCATCAATTT
476,GACTTACTCAGTTTGA
477,AGTTTGGGTGGTATT
478,TCTACAAATGAAGAGAA
479,TCGTCATCGTCGTCGTC
480,TACTGTGACCACTTTTCT
481,TTTTTTATTATTATACC
482,ATATATATATATATATATGT
483,TGACAAAGATCATA
484,AATATATATTCATAAAAA
485,ATGTCTTGGAAATGGA
486,AAGACAAATAGATAAAA
487,TAATATATATATATATATATATAT
488,ACAGAAAAAAAAAAAAA
489,CAATACAATAATAAAGA
490,AAGAAAATGAAGAA
491,AATGTATTTAAAAA
492,CTGTGTCTTTTCTTTTT
493,TCTGATAATGGTACTGG
494,ATGATATGGATGAGGATGA
495,AAAAAAATTAGAAGC
496,AAGTTTTTCACTTTTTT
497,TTTTTTTTCATTTCTTT
498,CAGAACACAATGGATTGATTA
499,TGACTGATACAACCTTCAATTTT
500,TCTGTTTTGTCAGAAA
501,ATTTTGTGTACTATCCATCAACCTTCTGC
502,GGAACTTTGGTGCTG
503,AATAATAATAATAATAATAATAA
504,GATTTTCACTTTCTTAT
505,ATCACATCATTAT
506,AAGTACTTGTACTTGAGAGCTGTCGGTGGTGAAGTCGGTGCTTCCGC
507,AAGGAACCACCAAGAGACAGAAAGAAGGA
508,GGCAACTTGGCCGAGTGGTTAAGGCGAAAGATTAGAAATCTTTTGGGCT
509,TATAATACTATTCACA
510,ACAAAAAAAAAAGGAA
511,TAGTATTCTGTTCAG
512,GGTGTTATTTTCAATA
513,GCTAGAGATTTCTGATTC
514,ATATATATATATATATATATA
515,GCAATGCTGAACACATT
516,CACCAGCACCACCAAC
517,AGATTAAACAATA
518,TCAGATACTTACAGATTTC
519,GAAATGGTTCAACAAAATTTCTTCCC
520,TGTTACAATAAAGTGGCTAT
521,TTACAGTGTTTTCG
522,AATATTAATATTATTCAAT
523,CTGCTGCTGCTGTTGCTG
524,TTCATCCTCTTCCTCTTC
525,CCATTTCAAATTTTTTT
526,TTAAAATATAGTTAC
527,ATAATAGAGACCAATTCATA
528,GACAAAAAGAGGAGCAA
529,AATTTTTTTTTTTTTTTTT
530,ATATTCTTGAGCAAAAAA
531,GTTCTTAATCATAGA
532,TATTAATGCTTATAGA
533,TCTTCTGTTGAAACA
534,TTGATAGTGATAACGGA
535,CATTGATGAAATCTGTG
536,CCCTTTTTTTTTATGA
537,GGAAAAGGAATAATAC
538,TTTCATTTCTTGTTTCT
539,ATATATATATATATATATATATGT
540,GTTTGAGGTTTTATTG
541,TTGCTTTACGCTTAGCT
542,CAAATCAAAACAACAG
543,AAGGCATTTGAAGAAAGA
544,CTCATCATCATCATCATC
545,TGAAAAAAAAAAAAAAA
546,GGTAAAGAAGCCCCAA
547,ATATATATATATATATATATAT
548,ACAAGTCATCTCTGA
549,TATATCACTCCATCT
550,ATCTGGGTTTTTCTG
551,GCTACAAATTACATGT
552,ATTCTCACCCAA
553,TATACTTTGGTTACTTCGA
554,AAGTACATATGAATATTT
555,GCTTCTTCTTCTGCTTCAG
556,AGATTGATTCAAAGT
557,CTCTTCTTCTTCATCAT
558,ATTTGGTATTTTCGTC
559,AGTTAATTCAACAAC
560,TGTTGTTGTTGTTATT
561,TATCTTTTTTCATTG
562,CTTCTTCTTCTGAA
563,TGGTTGCTAAGAGATTCGAACTCTTGCATCTTACGATACCTGAGT
564,AGTTTTTTTTTTTTTTTTT
565,ACAAAAAAAAAAAAACA
566,ATAGTATTAATATATG
567,TAGCAATACAGTAAT
568,ATTTTTTTTTTTTTTTTT
569,TTTTTTTTTCATTTCTTTC
570,TCAAAAAAAAAAAAAAA
571,TAGAGGAAGAAGAAGAAGT
572,GATTAGTTGACAAAGTAA
573,GATAACAACAAATATA
574,CATCAATTTTTCCATAT
575,AATGTCTCAAAAAAAAAAA
576,GTTCCTGACATTTGTTGAA
577,GAGGATAATAGATTCC
1,TTTATGTTTACTTTTT
2,TGTCAAAGTGTTTGATTT
3,TGTATTATATTATT
4,TTGATAAATTCAATG
5,TCAAAAAAAAAAAAAAAAA
6,AAAAATAAATAAAAATAAT
7,AAAAAAAAAAAAAAAAATT
8,TTTTTTTTTTTTGGTT
9,ATATATATATATATATATATAT
10,CTCATCTTTCAATGGTATT
11,TCAACAAACTCGTTT
12,TTGTTTGTTTGTTTTGTTT
13,TCTCTTGAAGACTATA
14,TATGGAACTTTCCA
15,TCTTTCTTTCCTTCTCT
16,TATATATGTATGAAC
17,CTACTCAATGCTCT
18,CCTCATCTTCATCGTC
19,AGCAAAAAAAAAAAAAG
20,CATTTTGACTATCTTT
21,GTGTTCAAAGACAATCAT
22,TGCGCAAGCCCGGAATCGAACCGGGGGCCCAACGATGGCAACGTTGGATTTTACCACTAAACCACTTGCGC
23,AAATAAAAAGAAAAA
24,AAAAAAATAATAAAAAAAA
25,GCAACAGCAACAGCAACAG
26,TGTATATATGTAGATAT
27,GATCTAGAAACTG
28,TCATCATCATCATCATCATC
29,TCCTCCAGTTGTGCCAA
30,TGTTGCTGCTGCTGCTGTTGTTG
31,ATGGCAACTTGGCCGAGTGGTTAAGGCGAAAGATTAGAAATCTTTTGGGCT
32,TCTTGTCTCAATCTTT
33,AATTCAATCCAAAT
34,AGAGAAGCCGCTGAAAAGGC
35,ATTTTCTTTGGTGAAAA
36,TACATCTCTTGCTTAT
37,AGCGCCGTGGCGCAGTGGAAGCGCGCAGGGCTCATAACCCTGATGTCC
38,GCTGCTAACTTGAGACAATTGAAGAA
39,TAGGTAGAGCTTGTGGTGTTTCTAGACCAGTTAT
40,AAAAATAGAGGTATGA
41,GTTGTCAAATGGCAAGGTAAGCC
42,ATAACAACCTTCCAGG
43,AGAAAAGCCAAACATATAAAT
44,TGGTTTGAAGATGCTTGGAATAA
45,TACCCGGATTCGAACCGGGGTTGTTCGGATCA
46,ATATATATATATATATATATATGT
47,CACTTCATCCTTTACC
48,AATTCTATAAATATTA
49,AAAGTGAAGGGGAG
50,GCTCGCGTGGCGTAATGGCAACGCGTCTGACTTCTAATCAGAAGATTATGGGTTCGACCCCCATCGTGAGTG
51,ATAATAATAATAATAATAATAATAATAATA
52,ATGAAAAAAAAAAAAAAAA
53,CATGACAAAGATGAACA
54,ACTTGTCTTAGTTCAAATTG
55,AATTTCATTTTCTATTTC
56,TATTTCAAATATGAA
57,TCGATGAAAATGAGA
58,CAAAAAAAAAAAAAAAAAA
59,ACACAATAATTTTTCA
60,AAAGAAAAGAAAAATA
61,TCTTTAATATCCAT
62,CCGGAAATTTCTCTTAGA
63,TTAAAAATGGCTTACACTAAGA
64,TCCGATATAGTGTAACGGCTATCACATCACGCTTTCACCGTGGAGACCGGGGTTCGACTCCCCGTATCGGAGT
65,GGTGGCAAAAAATAAA
66,GCCAAATTAGCATGAT
67,TATATATATATATATATATAT
68,TTCTTTTTTTTTCCTTCTT
69,ATTTTTATTTTGAATTTT
70,TTTAGGTCATGGTCCTCCAT
71,TCCTCCTCCTCATCATCATC
72,ATATATATATATATATATATATGT
73,TTGTAGTAGCCTATA
74,CTTTATATTTATCTGA
75,AATAATAATAATAGCA
76,TTCAACATGAACATGAA
77,TTCCAACACAAAC
78,ATAGACAGAATTG
79,ACAAATTCAAGATCAT
80,AAATCACAAATTTAACAA
81,ATAAACTTCATATCT
82,TTATACAGAAAGAAAAA
83,TCAAAAACTTAACAAG
84,AAAAAGAAAAAAAAAAAAAA
85,TATTATATAAAATATGA
86,ATATATATATATATATATATAT
87,ATTAAAAACATCGAAAA
88,CAAAAAAAAAAAAAAAAAAAA
89,TTTGTAAGGCTTTTCATCA
90,TTTTTTTTTTCACTCATCG
91,GGTCTAAAAAATTTGT
92,ATGTTTTAAAAAAAAAA
93,TTTAATATATATATATATATATATAT
94,TCGCCTTAACCACTCGGCCA
95,TGACTCTTCTATTTTTTTT
96,ATTCTCTCCAACATCA
97,TCTTTCTTTTTTTTTTC
98,TCATCATCATCATCATCATCATCATCAC
99,TTTTTTTTTTTTGAATTTT
100,AGGGGACTTGATCTT
101,TCTTGTACTATTTTAT
102,AAAAAATATAAAACAA
103,AAATATTTTTTTGTTTT
104,TTTGTTGGAAGGAGG
105,AAGTGGCTACCGCATTGTC
106,TATGGTAGAAGACC
107,GCTTGAAGTTTCTGA
108,TTTCTTTTTTTTTCAAT
109,AATAAGATCGGTGCTGTCTTTGTTCC
110,AATGAACATCGTCATGA
111,TTCCAAAAATTCTTGGAAGATTTAGGCTA
112,GAAATCTGTGGCAAATGTGA
113,AAAACGAATGTTGAATGCGTTA
114,ACCAATGTGGTTTGGATAGTT
115,AATTCAGCAATGTAGTTAGCATCGTCCTTCTT
116,ATATGGTTTGGATCCAAGTCAGAGTAACAGAAATGAGAGTG
117,TGACTTATAGTTTCGAAAAGATCTTCTG
118,TCCGATATAGTGTAACGGCTATCACATCACGCTTTCACCGTGGAGACCGGGGTTCGACTCCCCGTATCGGAGT
119,TCTCTAGGTATTGAAACT
120,TTGAAACTTCCCAAA
121,TGTTGCTGCTGCTGCTGTTGTTG
122,AAAAAAAAAAAAAAAAAATTT
123,AATATGTCAACTCATTTTC
124,TTTTTTTTAAAAAAAAAA
125,CTAAATCAAAACAATA
126,TATATTTATATATGTGT
127,TTTTCTGAGATTCTTTT
128,CTTTTTTTTTTTTTTTTTT
129,TGATTGATAGAGTTAG
130,AACTTACCAAACCACTA
131,TACACACACATATATATA
132,AAAAATAGGTGTTTTT
133,CATGTGATCTTACGTAC
134,TCTTCATCTTCATCCTC
135,AAAACAGAAAATCAT
136,TTTTTTTTTCACTTTTT
137,TTTTATGATGAATGTAAGAGACGTT
138,TGCCATCTCCTAGAATCGAACCAGGGTTTCATCGGCCACAACGATGTGTACTAACCACTATACTAAGATGGCG
139,AATTCTATAAATATTA
140,TTCTGATTGATTCATA
141,GTTTATCATCATGTTC
142,AATTCGTTTCTTC
143,GAGCAAATATTTGAAAA
144,TGACCTTATTATTGTCA
145,ATTTTTATTTTTTTTTTT
146,AAATTCATCGCCACC
147,CACAATATATTCCAT
148,ATCTAGATCAAGCACTTG
149,TTTTTTTTTTTTTGGTT
150,TTCTTAATCAGTTT
151,AAGAAAAGGAAGAAGAAG
152,GGTACTGTTTCAATTCAT
153,TGTATTGTATTGTATTGT
154,CTTTTCAAAGTTTGGTA
155,TAGAAACTAAATTGAAC
156,TGTCTACCAATTTTGAAAAG
157,AAACAAACAAATCAA
158,CTGATAAAATTTCACA
159,TTTTATTTTTTTTTTTGAATT
160,TGAAGAAGATGATGATTA
161,AAAGCTGATAAAATTTCACA
162,AAAGATATTGCTAGAACA
163,AGTTTTTTTACAAAAAC
164,AAGAACTTCAAGATCT
165,ACATTACCAAGTTC
166,ATGAAAAAAAAAAAAAAAA
167,TTTTTTTTTTTTTTTTAGTTTT
168,TGGAGGGACAATAAT
169,CCAATAATGAACCCT
170,TATATATATATGTATAT
171,ATTTTATTTCACATTTA
172,ACAATTTGCTCTTCTTCA
173,CCAACTCTTGTTCTTT
174,TTTTCTTTTAGTCCTTT
175,CTTCTTCAGTTTCGTCCT
176,GAAAAATCAAAAACAACAAC
177,GGTACAGGTAAAACA
178,ATTATATATCTATATCTATATAT
179,TTAGCTAATCAATTTGTT
180,TGACATTTTCCA
181,ATCTAAGTCAAATTCAAT
182,ATCATATACTAGAAC
183,AGATATTTTTTATAAAAG
184,ATGTGAGTGCATTTGTA
185,GAGGATAATAGATTCC
1,TTGTTTCTCTTCTTCT
2,AAAAAAAAAAAAAAAATCA
3,GCAAAACTATTGCAA
4,ACCAAAAAAAAAAAAA
5,AATGTTAACGCTTTTTG
6,CTTAAAAAGATATGGAG
7,GGTTTTCAAATTATC
8,GACACCGAACGAAA
9,ACATATATATACATATATA
10,AGCCATTCAGTAAAT
11,CCTTAGAAAAAGGCAGA
12,CCTTTTTCAAAGC
13,ATGAAGACGGCCAAT
14,TTTCAAATTTTTTTTTCA
15,TAATTGTGTATATATGTT
16,AAAACAGAAAAAACAA
17,ATATATATATATATATATATAT
18,TCAACGACAAGCTCGA
19,TGGTTAAAGATTCATTTG
20,GGTGGTGATAAATATG
21,GAGACGAATCTGATCCAGTCTCT
22,ATATATATATATATATATATA
23,CACAACCAACAATT
24,AGAATTTTCTTAAAAA
25,TATTATTATTGTTAT
26,AGGGAAAAAAAAAAA
27,ATTCAGTAAAAG
28,TTTTTTTTTTTTTTTAGT
29,ATTGAATGATTTCTTC
30,ATATATATATATATATATATATGT
31,TGTTGCTGCTGCTGCTGTTGTTG
32,TTATGATTATGATGC
33,ATGATGATGATGACGATG
34,AAGCATGCGAGAGGCCCTGGGTTCAATTCCCAGCTCGCCCC
35,GATTTCTTCTTCTGTTTCTGTT
36,TATTTTATTGGTAGAATT
37,GTATAGACAAATGCATG
38,CAAACTATGAATTAGT
39,TTTAAAGCTCAATT
40,ACCATTGGTATTGATTTCAAAATAAA
41,CTGGCATAGAACTGATATTGAT
42,TTTTTTTTTTTAGTTTTTTTT
43,AAGGAAGAAAACATT
44,GGCGTTGAGGGAGCTA
45,AGTTTTTTTTTTTTTTTT
46,TTTTTGATCAAAGAAT
47,TTCTGTGGATCGAACACAGGACCTCCAGATAACTTG
48,GCGCAAGTGGTTTAGTGGTAAAATCCAACGTTGCCATCGTTGGGCCCCCGGTTCGATTCCGGGCTTGCGCA
49,TCCATATTGACACTT
50,CATATCCAAATACAGT
51,CTTTTTCTTATTCAA
52,ACTCTCGGTAGCCAAGTTGGTTTAAGGCGCAAGACTGTAATTT
53,TTTTTTTTTTTTTTTCAG
54,ACAACCATGGAAATG
55,CTGTTGCTGTTGCTG
56,ATCTTCATTTTCTT
57,TTTTATCGCCTTCTTG
58,TGCGCAAGCCCGGAATCGAACCGGGGGCCCAACGATGGCAACGTTGGATTTTACCACTAAACCACTTGCGC
59,AATTCTTGTCATC
60,GAGCACTAAGTACTC
61,ATAATAATAATAATAATAATAATAATAATA
62,AGACCTCTCCCATGCTAAGGGAGCGCGCTACC
63,TAATAATATTATCAC
64,GATATATATATATATAAA
65,AAATTACAGTCTTGCGCCTTAAACCAACTTGGCTACCGAGAGT
66,TAACTTGGCTAATGCTG
67,CTGAATCATTCCTAA
68,TTTCTGGTACTGG
69,GAATTGGTCGTTAGCGTTAAA
70,ATCCTCATCTTCATCCTCATC
71,AGTGGTCAAATTTTCT
72,AACTTCAAGAACTTG
73,AATGCATCATATTCT
74,TGCAAAAATTGTGTTT
75,TCAATGATGGTTTGAT
76,TTGATAATAATGATAATTTT
77,TATATTTTCATTAAC
78,AGAGTAAGATAAAAGT
79,CCACCATTGTGTATTT
80,GAACCATATTCACAATT
81,AATGAACCATCTTATTT
82,AGATGAAACAGAAAATATG
83,GACCACCGTTTACTTT
84,ATCATACTCTATATGAA
85,CTTTCTGCCCTCTTT
86,TTTTTATTTTTTGATC
1,AATAAACTTACTACA
2,CTGGGCTTTCAAGGA
3,TACTATACCAAGACTA
4,AAATTTTATTACTATTA
5,AATTCGTACAACA
6,TTATGATCTTGGAATAA
7,AAGGAAGGATTATACATTTT
8,GTATTTTCAGTTGCTA
9,ATGAAAAAAAAAAAAAA
10,ATTTATTTGATATTTATA
11,ATTGGTGGTACCACT
12,CATTTGAAGGTTTA
13,GTTTTGGATGCCATT
14,TTGGGTTTCACCTTTTCTT
15,TTCTTTTATATACTTTAC
16,CTGTCAATTATTTGGC
17,CCAAAAAAAAAATAAAG
18,TTAGTTCTTTTTTCTA
19,GTGTTCAAATGATCAAG
20,AATATATTTATATTTATATAT
21,TTTTTTTGAAGAAAAAA
22,AATATATCTACACTTTC
23,AAATTGCATTAATTGG
24,TGCTGCTGCTGCTGTTGTTGC
25,TTTTTTTTTTTTTCAAAAT
26,AGGGAAGAACTTGAT
27,TCCTTGTTGAAAATATTG
28,GCAGTGTCATGATCA
29,GACATATTTTTATTT
30,AAAAGAAAGAGCCAAAGG
31,ATGATGATGATGACGATG
32,TCGTCCCATATG
33,TGGGTTAAATGAGG
34,GAACAATATTAACAAC
35,ATAGCAGCCATAGTATGA
36,AAAAAAAAAAAAAGAAA
37,ATATATATATATATATATATATGT
38,AAAAAAAAAAAAAAAAAAAAT
39,ATATATATACATATATATG
40,TCAACAACAACAGCAACAACA
41,ACACTTTGGACATTTTTC
42,AACATTGAATCCAA
43,CAAAATAAAAATAAAAAAA
44,TTCACCTCTTTCCAGAG
45,TTCCTGTCCGTTTCA
46,AACAAACAAAATAATAACG
47,TATTTTCTTGAAAAAAA
48,TCTTTATTCAATTTCC
49,CCAAAGTGGTTTCAC
50,ACAGAAAAAAAGAAAA
51,TGCCATCTCCTAGAATCGAACCAGGGTTTCATCGGCCACAACGATGTGTACTAACCACTATACTAAGATGGC
52,CTATATTATCAAAATAT
53,CAATCAAGAAACCT
54,AAGAAAGAAAAAAAAAAA
55,AGCTGGAAGAAGGACA
56,AAAAAAAAAAAAAAGAG
57,ACAATTATTTCGAAAAA
58,ATTATCTAAAAATTTA
59,CATTTAAAAGCTCAAA
60,GGAGTTCAACAAATTTG
61,ATTCGCTTATCTTC
62,TGAGGAAGAAATGTTGG
63,AAAATAAAAAAAAAAAAAAAA
64,AAAATAAAAAAATAAAGA
65,TTTCAAAGGCTTATTATC
66,TATATTATATTTCTTT
67,AAAAAAAAATCAAAAAAA
68,ATATATATATATATATATATAT
69,TAGAGCCAGAAAGATA
70,GCAACAGCAGCAACAGCAACAGCAACAG
71,CAACAGCAGCAACAGCAACA
72,AATTGTTCCATTATCA
73,AATCTAATTTTTATTT
74,AGCATTGTTGATCAC
75,CAAAAAAAAAAAAAAAAAAA
76,GCAAAAAAAAAAAAAAAAAGA
77,ACAAAAGAAAAATAAAAA
78,CTTGGAAGTAATCTTAGA
79,CAACAGATTCAACAA
80,TTTCTTCAGGTGATAA
81,TTTATTTTACCATGTT
82,TTTTTTTTCACTATT
83,CAGATTTTTGCAAAA
84,ACTAATAATATCAATAATAGT
85,TTCACAGAATTGGTAGAACAG
86,AAAAAAAAAAAAAATGCAA
87,TGTTTTTTATTTTTTTTTT
88,TATTGGTACTTTTTTT
89,AAAAAAAAAAGAAATTCC
90,ATGAAGTTTTCAAAAAA
91,AATTGAAGTTTTTTTT
92,ACCAGATGATAATAGA
93,TTCATTAAATCCAAG
94,AAAAGCAAAAAAATAAAA
95,AGAGGAAGAAGAAGA
96,ATTCTTTGCCAAAT
97,TCTTCCTCCTCTTCTTCCTCAT
98,ATTTTTTGCTGTTCTCCT
99,CACCAACAGATTCAACAA
100,TTACTGTCTAACA
101,ACAACAACAACAACAACAACAACAACAACAACAA
102,AAAAAAAAATAAATACT
103,GAAGAAGCCATTGAAAA
104,CTCCTGAAAAAATTCAGA
105,CCAAAAGAAGAAAGAA
106,ATATATATATATATATATATATGT
107,GAAGAAAAGGGATGGGTTCCAGTTACCAA
108,ACCAAGACCACTGGTAAGTGTGGTTCCGTCACTGTTAGATTGATCCCAGCCCCAAGAGGTTCTGGTATCGTCGCTTC
109,AAATGAAACGGACAGGAATTGAACCTGCAACCCTTCGATTGCAATC
110,AATTCTTTATTCT
111,AAAAAGAAAAGGTAAG
112,ACACTCTGCTTTGTTTC
113,GTGCAGAAATATCAAAA
114,ATAAACATAAATGTATT
115,TGCAAACCGGTTGGGTT
116,TGAATGAATTTCTC
117,TGGTAAATCCTTTTTT
118,AAGGAGAAGATAAAAA
119,ATATATATATATATATATATATGT
120,AAAAAATGAAAAAAAGA
121,GCAACAGATGAATCAAG
122,CAAAGAGAAGCATTTGAA
123,TTTTTTTTTTTTTTAATTTTT
124,TCCGATATAGTGTAACGGCTATCACATCACGCTTTCACCGTGGAGACCGGGGTTCGACTCCCCGTATCGGAGT
125,TATTTTTTATCTTCAACT
126,ACTTTTTTTTAGTTTTT
127,CTTCTAACGAAATA
128,AGGACCGTTGCAAGGATTG
129,AAAGAAGAAGAAGAAGAA
130,TATTAATATTTTTTTT
131,TGTGGCAAAAACAAA
132,TTCGAAGATATTATAA
133,AAAAAAAAAAAAAAAAAAT
134,ATATAGATGAAAACAT
135,CAACAGCAACAGCAGCAACAGCA
136,CAACAACAACTACAACAA
137,GGTGGTGGTGGTAGAGGTATGAGAGT
138,ATGGTTTCATCACAAAACAGAGCCCAAAAA
139,TAATTATTATTCTTTT
140,TAGAATCAAGAAGCAT
141,CGCCAAGCAAAAGAAAAGAA
142,GACGATGATGATGATGATGATGA
143,AAAAAAAATCAAAAAAAC
144,AAAAAAAAAAAAATCAAA
145,CAAACTATTTAAATCTG
146,AAAAAAAAAAAAAAAAAAAAT
147,AACGTTTTCCTTTTC
148,CTGATGATTGGACCA
149,AGCTCGCGTGGCGTAATGGCAACGCGTCTGACTTCTAATCAGAAGATTATGGGTTCGACCCCCATCGTGAGTGCTTTT
150,GAAAGAAAAAAAATAAC
151,GAAAGTGAGCATCCACC
152,AGCCAAGTTTGCATTTA
153,AAAAAAGAATAAAGAGA
154,TTTTTTCTTTCTTTTTTT
155,TTCTTCTGTGTCT
156,AAAAAAAGGGTTATAATA
157,TCTCAAAAAAAAAAAAAAATA
158,TTCTGTGGATCGAACACAGGACCTCCAGATAACTTG
159,AAAAGAAAAAAAAAAA
160,TGGTTTCTTTACCAAT
161,TTTTAGCTAGAAGAAC
162,TCGTCCTTGGACA
163,TGCTGCTGCTGCTGTTGCTG
164,GTAATTTCTTCCTATT
165,TTAAGTTGATTCTG
166,TTGTCTCTGAAACTT
167,TTTGGTCATCCGTGA
168,TCACAACCACAACAGCAACA
169,AAGAAACAAAGGAAA
170,TATTTTTTGGATAATT
171,CCTATTGTTAAGAAT
172,AATAATAATAATAATAATAATAA
173,TCTTATCCTCTCTTGAA
174,TACCAAATTTTGAAGAAT
175,CCACTGTACAATCTTTA
176,ATCAGGGTTCATACC
177,AGTGGTACCTGGTAAAGT
178,ATGACCAAAACCAATAA
179,TAAAAAAAAAAAAAAGGA
180,TTGCAACAACAAGAA
181,AGAAAGTTTTTGA
182,GAGAGATCAACCGAT
183,TGATACTTTGGAAGAA
184,TTTGGTTTATCAAAAAGTT
185,ACTGATGAGAGAACGT
186,TCCTTAGCAGGCATACA
187,TGCTTCATCCAAGGATTTTCAGG
188,AACAGTAACAACAA
189,TTCTTTGGCATACGAATAGATTT
190,TTCAAATCCTCAAGTTC
191,ATTTTTTTCTTTTTTTC
192,TCAGACGACAACTCA
193,AGTATATCATAAGAAGG
194,ATTTTTCTATTAACATAAT
195,CTCATCATCATCATCATCATCATCATCAT
196,AAAAAAAACAACAACG
197,ACGTTATTTTTATTTT
198,AGTTTGGGTGGTATT
199,TCCGATATAGTGTAACGGCTATCACATCACGCTTTCACCGTGGAGACCGGGGTTCGACTCCCCGTATCGGAGTG
200,TTTCTTGTTTCATTG
201,CCATTAAAGACAAAAG
202,AACTATCACGGAAGAAAT
203,AAAAAAAAAAATTAAAATAAA
204,TTGATTATCTTCTTTTG
205,AGCCCAAAAGATTTCTAATCTTTCGCCTTAACCACTCGGCCAAGTTGCCAAT
206,AATTCGTTTCTTC
207,GAGCAAATATTTGAAAA
208,GCGTTTCAAATTATAGA
209,AATGGGGAGATCAATG
210,TCTTCTTTTTTTTCTTC
211,TTAAAAAAAAAAAAAAAA
212,AAGAAAAACTGACGAAA
213,AGCTAGTGTATCCAATG
214,TTGTCATTTTTCTTC
215,CAGATTCATTGTTGA
216,ATGTTTTCTGGCTTT
217,AAAAATAAAAAAAAAAA
218,ATATATATATATATATATA
219,AAAAAGAAAAAAAAAAAA
220,TTTTATTAAAGGAAAGAT
221,AACAAATGGTTGAATG
222,AATGACAAAGTTCCA
223,TTCCATTTATGTA
224,ATATGATTCAGTTGGAT
225,TTGAACACTTCCGCTC
226,TTATTATTCAAACTTAAAAACT
227,AATTTTTTTTTTTTTTTTTCAA
228,AAAAAAAGTAAAAAAAA
229,ACTTTTTTTTTCATTT
230,TCAATTCAAGTATTTT
231,CATTTCTCAAAGTCAA
232,TTTTTTTTTTTTTTTTTTCA
233,TAATATCATTATCATTTA
234,GGGACCAGAACTTTGCT
235,TTGACTGCAGATGAAT
236,ATGAAAATGACGAGT
237,AAAAAGAAAAAAAAAAAAAA
238,AAAGAGATAAGCTG
239,TTTTGGTTCCTGATAT
240,ATATGTATATATATATATAT
241,AAAAAAAAAAATTGAAAAAT
242,TCTTCCTCTTCCTCTTCTTC
243,TTTTTTTTTTTTTTTTGCGA
244,TCAATACTCAAGACC
245,TTTTGACACATTTTTTT
246,TTCTTCTTCTTCTTCC
247,CTTTAAAAGTCGAAAAT
248,TAAAATATGAGAAAAA
249,CTTTGATTTTGTAAGAGTAA
250,AAAGAAAAATTCTTTA
251,AGAAGGAAAGAAATATGA
252,CAAGAAAGTGAATGAA
253,TGCTAATAGAGAAAAGA
254,AAACCAGAAGGTGTATT
255,GGTACTGGTGCC
256,AGAAAGAAGGTCATTG
257,TAATATATATATATATATAT
258,TTCACCAGATTCCAGA
259,ATTTTTTTTTTTTTTTCAG
260,CTTTTTTTTTTTTTTTTTT
261,CAAAGCTAACAATCAT
262,AACAACAACAATAAT
263,AATGACTAACCAATTTATG
264,TTTTATAAACATTGCC
265,TGAAAAGAAAAATAAT
266,TTTTTTGCGATGAGATG
267,TTTTTTTTTTTTTTTTTTC
268,ATTCTATTTATATCATT
269,CATTTTCTTTCTTTTTT
270,AGAAGTTGAAACAAAAAA
271,ACTATTGATTTAAA
272,AAAAGAAGAGAAAGAGAA
273,ACAGGATATTTAT
274,AATACAAAAATAAGGG
275,GAAAGAGCTGC
276,ACATCTCTGGCTTTGGA
277,ATATCTCATGGAAT
278,AATTCATCCAGAAGA
279,TTTGAAGAATTGAGAA
280,TAGTGAAAAATTCAAAA
281,AGCTCGCGTGGCGTAATGGCAACGCGTCTGACTTCTAATCAGAAGATTATGGGTTCGACCCCCATCGTGAGTG
282,CTTTTTTTTTTTTTTTTTT
283,TCATTCTTTTTTTTTTTTTT
284,ACTATGATGGGTTGAAG
285,TGCTTCAAGGCCTCATC
286,ATTCAGCACTTTCTGC
287,ACATCTTCCAACTTA
288,TTTTTCAGCTTTTTTT
289,ATGTAATTATTCAATG
290,AACCGAAAAAAAAAAAAA
291,AAGAAAGATCAAAGATA
292,GAAAAAATCTTCAAG
293,TATTCAAAAATATGGAAA
294,ATTCATTTCTGCTTGAA
295,AAAAAAAAAAATTGAAAA
296,TTCCTAAATTTGGGA
297,ATTAGAAGAAAAACCAA
298,TATATATGTATATGTGTA
299,TTTGCTATTCTTA
300,ATTATTAAGTATTGCTTG
301,TGCCTCCAATTTTTC
302,GGATTGATGATGAAGT
303,GCATATAAATATATGTG
304,TGCTGGTGCTGGTACTGGT
305,ATATATATATATATATATATAT
306,ATTTTACATCAGATTTT
307,TTTTTATTTTTTTTTTTT
308,AAAAAAAAAAAAATTTTTTT
309,GCGCAAGTGGTTTAGTGGTAAAATCCAACGTTGCCATCGTTGGGCCCCCGGTTCGATTCCGGGCTTGCGCA
310,ATATATATATATATATATA
311,AATATAGAATACCAAAA
312,AAGAAAAAAAAAAAAAAT
313,TTGTCCTTCTTCTTTG
314,TGGTTGCTAAGAGATTCGAACTCTTGCATCTTACGATACCTGAGT
315,ATAAAAAAATAATAAA
316,CTTCCATATCTTCATC
317,TTTCATTTTCAGAAT
318,TTCGGGTAGAATTTTG
319,CTTCTTCATCTCC
320,AATCATCATCAGCAA
321,AACCATTCTCTTC
322,GACACATCTTTTGAAG
323,AGTTGCAGTAAGTAT
324,CTCCTCTTCTTCCTCTTC
325,TATGAAAAAATGAAAAAAA
326,AAATGAAACGGACAGGAATTGAACCTGCAACCCTTCGATTGCAATC
327,TTTCCTTTGTGGCAGCAA
328,TGAATAAGCTATTAA
329,ATTATTTCAAATTCACT
330,TACACACACATATATA
331,TATTCTTTTTATATTAT
332,CGATTTTTTTAACTTT
333,AATTTGTCTGGTTTTTC
334,TTTTATTTTTATTTTTT
335,TAGAAAGAACGGAAA
336,CCTTTTTTTTTTTTTTTTTT
337,GAAGCTTCAATTACT
338,AGAAAAAAAAAAAAAGGC
339,AAGCCGCGAAAAAAAAA
340,TTGACTCCAGAAGATGC
341,GAAGAAGAAGCCAAGGAAGA
342,AGAAAATGTAATT
343,TTTGTTTTAACTATCTG
344,AAGAAAAACGACCACA
345,ATTTTAAGCAATTT
346,AAATGCGCAAGCCCGGAATCGAACCGGGGGCCCAACGATGGCAACGTTGGATTTTACCACTAAACCACTTGCGC
347,TCTCTCTTGCTTTCA
348,ACATAATCTTTGAAA
349,TATGAAGTATATTTCGAT
350,ATATATATATATATATATATATG
351,AATATATATATATATATATATAT
352,TCCATTTCTTCCTTT
353,ATCATCAAACGAGATATGC
354,AATTTTTTTTAGATAC
355,GTGTATTTTGATCAATA
356,AACCAACCACAATGTCTACCCATAACTTC
357,ACCTTCGTAACCTTCGTAAAC
358,AAAAGAAAAAAAAAAAAAA
359,TCCTTCAAACATCCAGTC
360,CAATATTTCAAGAAAAT
361,TTTTTTTTTTTTTTTTTTCA
362,GTTTTTTATTTTTTTTT
363,CAGCAGCAGCAGCAGCAAC
364,AATTTTTTTTTTTTTTTTG
365,AATGAAGGTAAAATTGAGTT
366,TTTAAAAAAAAAAAAAAAT
367,AGGAAGAAAAAAAAAGAAA
368,ACAAGCATTTTTCATTT
369,AATATATATATATATATATATATG
370,CAGTAGGTGATTTA
371,CTATGTTATCTTCTTC
372,TTTTCCCTGTCTTCTTT
373,TTTTTTTTTTTTTTTAGTTTTTT
374,TCACCATGACAGTAGT
375,TTCACTGTTGTTTCTAGCAACAAAGTCATCCCA
376,AAACTCTTCTCTTGTTTTATG
377,GATGATGAAGAGGAGGA
378,AAGAATAGGAAATTAAA
379,ACTGAGAAGAATCAAA
380,ATATATATATATATATATATAT
381,TACTCTGAACAAACA
382,AATTGCTAAAATTAAAGA
383,TTTTTTGTCTTTACG
384,TGTTGATAAGGACACATC
385,AAAGTTATGTGTGCCAT
386,TTAATATATATATATATAT
387,TAAATCAATAAACTCGAA
388,TTAGTAACTTTATTT
389,CTTTAACTAAGCAAACA
390,CAAAAAAAAAAAAACAA
391,ATGATTTTTGTTAGA
392,TTTATTTTTTTTTTTTTT
393,GAGGATAATAGATTCC
1,AATTAAAAAAAAAAAAAT
2,AATAGTATGTTGATTG
3,AATATAAAAATATTCT
4,TACTATCAAAAAAAAAAG
5,CATGAAGACATGTTTCT
6,ATGAATGAACAAAATG
7,ATGAGTCCCAAACATT
8,TTTCTACATAAATATTTT
9,ATATATATATATAAGGGA
10,ATCTTCTTTTGTCTTTGC
11,GAAAAAATGCTGAAAA
12,TTGAAGAATATTGATTA
13,CAACAACAACAACAACAACAACAACAACAGCAC
14,AACAACAACAACAACAACAACAACAG
15,TTTTTTTTTTTTCACTT
16,TTTTTTTTTTGAATTTT
17,TGCTGCTGCTGCTGTTGCTG
18,TCTTCATCTTTTTCA
19,AGCCCTTCCAGTTATA
20,ATATTGTGTTATATT
21,TCATCACAGATACT
22,TCCTTTTTTTTTTTTTTTT
23,GATTTCCTTTTGATAA
24,AACAACAACAACAACAAAT
25,TAATATATATATATATATATATAT
26,CAAAAAAAAAAAAAAAAAAAA
27,TATTATATAAAATATGA
28,ATAATCATAGTACTGA
29,GAATCATAATCACAAA
30,AAAATACTATTAAA
31,GATAAAAATGTACCAAC
32,TCAAAAAGGAATCGAG
33,TCTACTTCTTTTCTTTTC
34,TTAGAGATAACGGGAGT
35,GAAAATTTTTTTTTTTT
36,CTGCTGCTGCTGTTGTTGCA
37,CACTTTTATTTTCTTTT
38,AATATTCTGATATT
39,ATGAATAATTTTTTAAATT
40,TCTGGAAAAAAAATCGA
41,ATATATATATATATATATATAT
42,ATATCCCGAGTATTTA
43,ATCATTGGCTCTTTTGTT
44,GATGATCTCCACATTACTAGTGTGGCGCCTTACCAACTTGGCCATAGAAGCT
45,AAAAAGAAGAGCCTG
46,TAACTGAAGAAAAAAA
47,TTTTCTTTTCTTTTTTTCTT
48,AGTTGTAATTTAAAA
49,TTTCCTTACTATTCATG
50,TCATTTGTTCCATGAT
51,AGCCCAAAAGATTTCTAATCTTTCGCCTTAACCACTCGGCCAAGTTGCCA
52,ATTCTGTGGTT
53,CCTCAGCCCTTTTT
54,ACTCCAAGAAATACGT
55,AGACCTCTCCCATGCTAAGGGAGCGCGCTACC
56,TATTTTTTTCTTTTCATC
57,AAAATATGAAGAAGAAA
58,TGTGTATGTATATATGC
59,TCCTCCTCATCATCAT
60,AATCTTCTAAAATTTTG
61,ATATATATATATATATATA
62,TGCTGCTGCTGTTGCTGCTGCTGT
63,TTTTTTTCACCAATT
64,AAAAAAATAATAAAAAAAA
65,TGTAATAATAGGAAT
66,AATTCAAG
67,TTACAAGAAAATGCTT
68,ATTCAATGATGAGAGA
69,GAATTATGAATAAAA
70,CCCAAAAGACCTTCTTCACCACCAAATTTACC
71,ATTCAGATAGAC
72,AAAAAAAAAAAAAAAAAAAA
73,AACAGAAAAAAAAAAAAAG
74,AAAAAAAAAAAATTTCATA
75,AAGTTTTTTTTTTTTT
76,TATGACCTTTACACAA
77,TTTTTATTTTTTTTTTTT
78,AATAAACTCAGAAATTGTT
79,CATAGCCATTGATATA
80,AAAAAAAAAAAAAAAAAAAA
81,AAATACGAGATGAACA
82,AAAAAAAAAAAAAAAAAAAA
83,CTTTTTTTTTTTTTTTT
84,TTCTGTGGATCGAACACAGGACCTCCAGATAACTTG
85,GAATATGGTTCCTTT
86,AAAATCTCAATTAC
87,TTTGAAGAAGAGATTT
88,TCATCATCATCATCTTCATC
89,TCAAAGTTGAATATTT
90,ATAAAGTCTCATCTTC
91,ATAGTTATTGATATCCAT
92,TCGTCATCATCATCT
93,TCAATGATATTTACG
94,AATATTGAATACACCT
95,ATTTGTTAAAGTTTTTG
96,CAAAAAAAAAAAAAGAAA
97,TTTTTTTTTTATTTTTTT
98,TCATATAATTACATTCT
99,ATTCTCATCCCCATTTT
100,CTATATTATTTAATTAA
101,AAAAAAAAAAAAAAAAAAAA
102,AAAAATTTGCTTCAGG
103,GTATGCACAGTAGATTCA
104,AGAAAATGGGATATTA
105,TTCTCCAAAAATGA
106,AGCAGAGTTTCCTACG
107,AAAAACTTTGATTTG
108,AACAAGGAAACATCA
109,AATTCG
110,AAAATTTTTTGAGGAAAAT
111,ATGAATGATAGTGTTT
112,ATATATATATATATATA
113,AGATGACGAGAAGAAAGGTC
114,ATTGAAGTTTTCATT
115,GTAATACTACTAGTTA
116,CAAAGGCTATCTTCT
117,ATATATATATATATATATATAT
118,TTCCTCTTTGAATAAT
119,AGCAGCAGCAACAGCAGCA
120,TATCTATATTATTTTTA
121,CTGTAGCAGAAATGAGA
122,AGACATCTAATGGTTGA
123,TGTAAATTTGGAAGATA
124,AATTCCTTATGATGAA
125,TTCTGTGGATCGAACACAGGACCTCCAGATAACTTG
126,TCATCATCATCATCATCATCATC
127,CTCCTTCTCCTTCTCCTTCT
128,TTTCAATGATGAAATT
129,TAATATATATATATATATATATAT
130,TTTTTGTTTTTGTTTTT
131,ACTTCTTCTTCTTCTTCTTC
132,TTTTTTTTTTTTTTTTTTCA
133,AATGGGGCGAGCTGGGAATTGAACCCAGGGCCTCTCGCATGCTT
134,GTTGCTGCTGCTGCTGTTGC
135,AAAAAAAAAAAAAAAAAAATTT
136,ATTAGAAAAAAAAATG
137,GAACAAAAGAAAAAGGG
138,AGCAGCAGCAGCAACA
139,TCTCTTGTATTTTTTG
140,GAAAAATGTTTTGTATCAA
141,GTTCTTTTAAGATATTCAT
142,TCACTTTTCAAGTCATCTCTT
143,TCGTCAGCAACATTG
144,AGTCGTAAACAGCCAA
145,CATTAGCTCTGTTTAA
146,GTTTTTCTGTGAATA
147,TTCTGGGCTCCTACTTTGAAATGGGGTCT
148,TAAAATAAAGAAGAAAAAA
149,ATTGATATATTTGAAG
150,TATTCTGCTGAATAGC
151,CCTCATCTTCTTCAAAGT
152,TTATCAGTATTGTACA
153,TATCAAGTTCATAGCA
154,TATCTATATACATATAT
155,TAGATATCATCAAAAA
156,GGTTCATTAATTTTTTT
157,ACCACAACTTGAAG
158,ATATATATATATATATATATAT
159,AAACATATGAAGAGA
160,ATAATACAAGAATAT
161,CTACGTAAATCACCTGCT
162,TCGAACTCGGGACCTTTGCCGTGTGAAGGCAACGTGATAGCC
163,TTGTTGTTGTTGTTGTTGCTGCTGCTG
164,TATATCATATCTACC
165,TGCCTGGCGTGCTCTGA
166,CAGCAGCAACAACAACAA
167,TCGAAACCACCATCGTGTCTTTCCTTGTGAACGATAGTACCGATACGACCCAAGTTACGACCACC
168,AACATACGGTCCTCTAGCCATCTTT
169,TATTTCTTATATAGAGC
170,GGTCCTTATTATAAGACTGGTTTCAAAGC
171,GATTTTTTTCTTTTTTT
172,TTTAATTTTTTTTTTTTT
173,TTACATGCCACACGCA
174,GCATATGTAAAAAAAAAAC
175,TACAACAACAACAACAA
176,TATTGTTATTGTTGTTGTT
177,TTTTTTTTTTTTTTTTTTCA
178,GAAAAAATAAAAAAAAAAAAAA
179,TGGGTGTGTGTGTGTGGG
180,ATTTTTTTTTTTTAATT
1,TTTATGTTTACTTTTT
2,AATAGTATGTTGATTG
3,GAAAAATATATTAAT
4,ATATATATATATATATATATAT
5,AACAAACATTTGGATAT
6,CAAAGGTGATAAAT
7,TATGTATATGTATAAAAA
8,AGGGTGCCGGTAACTGTATGATTGT
9,TATATATATATATATATA
10,AAAATAAAAAAAAAAAGT
11,GCTGTAAAAATTCAG
12,ATTTTTATTTTTATTTT
13,AAAATTCCTGCGAAAGC
14,ATATATGTTGATAATATTTT
15,TGTCTGTAAGTAGTCCATT
16,AAAAAAAAAAAAAAAATGCA
17,ATTTCATTATTGTTCG
18,TTTTCAATGTCTTTTT
19,ATTTTTTCAATTTTTTC
20,TTTTGATTTTTCGAGT
21,GTTATTTTTCTTTCCCT
22,CAGTGACAAAGTATGTCACA
23,TAAAAAGAGCAACAATT
24,AAAAAATTCAGATCACCAA
25,TGGTGATGTGATTTA
26,ATACATTTCTATAAAAT
27,CCTATTATTGTTGAAT
28,TTGAAAGATTATCAG
29,AGGATCAAAAATATCGG
30,AATTCAAAGAAACAA
31,AAACTGAAAAAAAAAAA
32,GTATTAAAGAAAAACT
33,TTTTTTTATTTTCTTTT
34,TTCTTTTTTTTTTTTTT
35,ATAATAATAATAATAATAATAATAATAATA
36,AACTTATCCAAAAATT
37,TTCCCAATTGGAA
38,ATTATCCAATTTCAAAA
39,AAGAAATTGAAACA
40,AAGTCTTGTTCCGCG
41,TTTCTTTTTTATTTT
42,ATATTTAGCAAACCAT
43,GTCAAAGAAAGCATTAC
44,AGCTCATCGCAAAATTTTT
45,GAAGATATTGAACA
46,ATTTTTTTTGATACATT
47,TTTTTTTTTTTTCAAAAT
48,CATCCTCCTCCTCCTCCTCCTC
49,AAAAAAAGACTTAAAAAAA
50,TCAATTTTTTTTTTTTC
51,ATATATATATATATATATATAT
52,AGAGAAAAAAAAAAAA
53,AATCCAAAAAGGGGT
54,AGCCAAAAACGAAAAG
55,GATGATGATGATGATGATGA
56,AGATGCATGGTTAA
57,TCATCAGCCATATCA
58,CAAGTGCAGCATCCACAA
59,TTTTTTTTTTTTTTTTTTCA
60,TTTATTAACAAACTGGG
61,AGATCTTCAAATTATC
62,TAAATTATCAAAAGCT
63,AGCTTCTATGGCCAAGTTGGTAAGGCGCCACACTAGTAATGTGGAGATCATC
64,ATATATATATATATATATATGT
65,ACTTGGTTGTCCCAATG
66,CTTTTTTTTTTTTTTTTT
67,AAAAAAAAAAAAAAAAAAAA
68,AACGTATGTTAGTTT
69,CTTTTCCAAGCTTCTA
70,AGCTTGTTCATTAAT
71,CCTGTATTATATTATTG
72,TTATTACTACTAT
73,TCACCGTGGAGACCGGGGTTCGACTCCCCG
74,TTTTCTCTTTGATG
75,GATGAAGAAGTTATG
76,AAATGTATAGAAAA
77,TTCCCCTTCAAGGGAA
78,CTTTAAAAAAAAAAAAAAA
79,AATTCGGGT
80,AAGTGAAAAAAAAAATA
81,TCTGAAATTGAAAATAT
82,TGCTCTCCTTCAATTG
83,TTTTTCAGTTTTTTG
84,TTTCTTTTGTTTCTTTT
85,TTATTAATTTCTTTC
86,TAGTTTATCTATAACCTC
87,TCAAGATACTTTTGC
88,ATCAAGAATAATAATG
89,AAAAAAAAAAAAAAAAAAAA
90,TTTTTTTTTTTTTTTTTTAG
91,TGGCCGAGTGGTTAAGGCGA
92,TCTTTTTTTTTTTTTTA
93,TAGGTGGTATTGTCAA
94,TGTAGAAACTGTCTTT
95,AAAATTCAAAAATTCAAAAA
96,GATAGAACCTTGAACAG
97,TGATATTTTTCTTTCT
98,TGATGAAATTGCTATTGT
99,TAAAAAAAAAAAAAAAATAAC
100,TAATAATAAATAAAAAAA
101,CCTATAACCTATATGAT
102,TATATATATATTTACTT
103,TTAACATTGTTATTGTC
104,ATAGTTTTGATTTTTTG
105,ATGAGCAAAATCACAA
106,TTTCATAGTCCTTTGTAT
107,TATAAGGGAAAGGAAAGTG
108,GAAAAAAGAAAATTT
109,AACAATAAGAAATAAAAC
110,AATGGAAATTGTTCA
111,TTCCTGCAGTTCCTT
112,GCAAAACTATTTCCT
113,CAACAAATCCAACAC
114,AATAAATCTATTAAAAAT
115,TATGTGACGACAAG
116,GAAAAAAATGAAAAATAAAC
117,CCGGTAGAGGTGCTCC
118,TTCATTATACAACACAA
119,CATTTGTTGCATTT
120,ATACCAAAATAAA
121,AAAAAGTGAAAAAATAA
122,AACAAAATAGTAATAT
123,AGCTTCTATGGCCAAGTTGGTAAGGCGCCACACTAGTAATGTGGAGATCATC
124,TACAGTATGCAAGTT
125,CTGCTTCTTCTTCTGCTTC
126,ATATATATATAAAGTGC
127,AACTCAGATCACAGC
128,TTTTAGCTTATCCTT
129,AATTCAAAAACT
130,TATATATATATATATGTG
131,TTTTTATTCCCTTTG
132,AAACAAGAAGGAAAA
133,AATTTCTCTTGCTCTTGCC
134,GCTGCCCTAGATAATGAG
135,TATATATATATATATATAT
136,TCATCATCTTCATCTTCATC
137,TCCGATATAGTGTAACGGCTATCACATCACGCTTTCACCGTGGAGACCGGGGTTCGACTCCCCGTATCGGAGT
138,AAGATCAATTAGCTTAG
139,CGACGACGACGACGACGATGA
140,ACGACGACGACGACGATGATGA
141,CAACAGCAGCAGCAACAGCAACAGCAGCA
142,TGATGAAGTGTCCCTCTGA
143,TTTCACTTTTTTTTTGC
144,CAACTGAAACTGAAAGTGA
145,AATTATTCTATTAGCA
146,TATATATATATATATATGTG
147,CCCCAACTGCTGAAGTA
148,AAAAAAAGAGGGAAAA
149,TACAATTTTTTTTTTTTAT
150,AATGAAATAAAAAATG
151,GTGTGGGTGTGGATGTGGGTGT
1,TTTATGTTTACTTTTT
2,AATAGTATGTTGATTG
3,GAAAAATATATTAAT
4,ATATATATATATATATATATAT
5,AACAAACATTTGGATAT
6,CAAAGGTGATAAAT
7,TATGTATATGTATAAAAA
8,GCCGGTAACTGTATGATTGT
9,TTTTTATTTTATATTT
10,TAAAGTAAACAAAAATT
11,TTTTTTTTTTTTCACTTT
12,TAGAGTAATATAATTAATC
13,AAAATTTTTTTTTAAT
14,TAAAATTTTCAAGAAATT
15,AAGTTAAACTTGTTT
16,GATGATCTCCACATTACTAGTGTGGCGCCTTACCAACTTGGCCATAGAAGCTT
17,GCTGGATACTCTTCTCT
18,GATAAAGAAACTACTA
19,TGGTGGTTTGGGTGGTGG
20,CCACGATTCAACATTAC
21,ATGATTACATTTCAT
22,AATTCAATAA
23,AGATTGAAGTCCAT
24,ATATATATATATATATATATAT
25,TCTTCCTCCTCTTCTTCCTC
26,TTCAAATTGTTCAAAATA
27,TTGTTGATCAAGATG
28,TTTTAAAAAAAAATTAG
29,CAATAGCCTTTCCTTT
30,TGCCCAAGGTAAGGAATT
31,TTTTTTTTTTTTAATTTTTT
32,AACGATATTTTTTCAA
33,CAAAAACAAAAAACC
34,TTTTTTGGCCTCTTCC
35,TAACATCATAAAATAA
36,TCCAAAGATACTGTCCCA
37,TTCATCTTCATCTTTTTCA
38,TAGATTTATTATATGGTTTAGTA
39,AAAAAAAAAAGGAAAAG
40,TACAATAAGTTTTAGC
41,AACCAATAAATTA
42,AAAAAGAAAAAAAAAAAAAA
43,TCGTAGTCTTTTCTTATT
44,AAATATTGATGAGCTTC
45,TATTTTTGCCTTATATT
46,TGTTGTTGTTGTTGTTGCTGCTGCTGCTG
47,AAGTTGATGGCAACACCCTTTCTACCGAAACGACCACCTCTACC
48,GCATCTCTCAAACCTTCAGCGTCTTCAACAAAGGAAGTACCACCGATACA
49,TATTGGCAGCAAAA
50,ATATCAAGTAGTTGATAT
51,TTTGTTTAAAAACCA
52,TTTCATAGATTTCTC
53,TTAACTGCTTGGA
54,TCTTTTTCTTTTTCTTTTT
55,ATATATATATATATATATGT
56,TTGAGTTTTCTTCCTC
57,TTGTTGATAGTTTCTATAT
58,ATAAAATTCATACCCA
59,GCAAACTTATTTGAGC
60,CTTCTTCTTCTTCTTCTTCC
61,CTCATCGCAAAATTTTTTTT
62,AGACCTCTCCCATGCTAAGGGAGCGCGCTACC
63,ATAATCATAGTACTGA
64,GAATCATAATCACAAA
65,AAAATACTATTAAA
66,GATAAAAATGTACCAAC
67,AAAACAATAGTCTA
68,AAGAGAAGAGTATAAAA
69,CGAGCCAGGAACAAAAAT
70,TCATTCTTCCAGCAGT
71,TAATATATTTTGCAATATT
72,AAAAAGAAAAAAAAAAAA
73,ACCCAAAAACAAAGAATAAA
74,ACCATTTAATGAACATG
75,GAAAAAATTGAGGCAA
76,AATCATCAAATGAAA
77,ATTAATAGTATTCAT
78,GAAAGTATACAAAATA
79,AAATAAAAAAAAGAAA
80,GTATATTGGATATTCG
81,AATTCACAAGCTGTCT
82,CTTTGGATGTTTTCAA
83,TGTATTGAGGCTGTAG
84,AAACAAATTTTTTGTTAAA
85,TGGTTTAGTGGTAAAAT
86,TGGATATGAATATGGACG
87,CCTGTTTTTGATTCTT
88,ACCTTCTAATTCTATA
89,ATATCATGGGATGAAGAAG
90,CAAAAAAAAAAATAAAAAAA
91,TGTAGCAAAATTATCCA
92,GTTTATTTATGTTTAAA
93,TTTTGTTTTTTATTTT
94,GTTTTTTTTTTTTTTTTTT
95,TTATCATAATCAATGGCGTT
96,GAAGACATTCAGTCT
97,TTTATTTCAATTTTG
98,TTAGCTGCATTCAAGA
99,AGGACCTTTCTGTTCT
100,GGAAAAAAAAAAAAGA
101,TCTTTTTTTTTTTTTT
102,TTTTTTTATATTTTTA
103,AGGTTTCAGTTCA
104,TGAAGACATTGTATTTTTC
105,AAAAAAAAAAAAAAAAAGA
106,AGAAGAAGCAGCAGCAG
107,TAACAAATAGCAAAATAA
108,ATACAGTCTTCTGACCACC
109,CAACAACAACAACAGCAGCAACA
110,AACTCTTTTTTGTTAAC
111,TGCCTGTGCCAAGGGA
112,TTGATGATAAAGAAAT
113,CTAAAATGGGTATTT
114,GTTTCAAAACAGATGGG
115,TGATTTTGGTTTGAT
116,TGTTGTTGTTGCTGCTGCTG
117,ATATGTATATATATATATAT
118,GTTAAATGAGAAAG
119,CTTCTACATTGAGTAA
120,ATCAACTGGAATGACC
121,AAAGGGTTAGAAGAAG
122,ATTTTTGTTTTATTTT
123,ATGAAAGAACTTTATT
124,CTGTACTGTATTATGCA
125,AACTTGATAGGTTTT
126,GCTCCATCTTCTTCTGCT
127,AAATTTTTTTTTTTTTTTTT
128,AAAGATAAGTGGGA
129,GTTCTTTTCTTATCAT
130,ACTCTCGGTAGCCAAGTTGGTTTAAGGCGCAAGACTGTAATTT
131,AGCTCGCGTGGCGTAATGGCAACGCGTCTGACTTCTAATCAGAAGATTATGGGTTCGACCCCCATCGTGAGTGCTTT
132,CAGCTGCTGTCTTTG
133,AACAACAACAACAACAGCACCA
134,GCTCTAGCAGAGGCG
135,TTTTTTATTATTATTA
136,AAAAAAACAGAACCA
137,CAAAATGAAATCGAT
138,CACCTCTAGTTTCGG
139,AATAGGACATCTGAGA
140,TTATTATTATATATGTA
141,AACTTCTCTTTTATG
142,ATATATATACATATATAT
143,AAATCAAGAAATCTCTG
144,AAATTTAAAAAAAGAA
145,GATTTGGGTGGTGGTACTTTCGAT
146,TTAACCCAGATGAAGCTGTTGC
147,TTTAATGCATTTACA
148,ATTTTTCTCAAGAAGTT
149,ATCAATATCACTAAA
150,CAAAAAAAAAAAAAAAGA
151,ATAGATCAATGGAAGG
152,AAAAGAGTCAAAGAGTG
153,AAACAAAAAAAAAGGG
154,AAAAAAAAAAAAAAAAAAAT
155,AAAAAAGAAATGCGCAAGCCCGGAATCGAACCGGGGGCCCAACGATGGCAACGTTGGATTTTACCACTAAACCACTTGCGC
156,AAACATTTCCAGTTGT
157,ATAATGATGACGACGATGA
158,TGAATCTCAAACCAACAT
159,CTGTACTGTCTAATAAG
160,TGAAACGGACAGGAATTGAACCTGCAACCCTTCGATTGCAATC
161,ATATATATATATATATATATAT
162,TTCAGGCTAGATACAA
163,AAACCAAAAGGAAAAA
164,ATCCTTCAAAGATTTTTAT
165,CAATATTTTGTAGTTTG
166,TTTTGTGTTTTTTATTTTT
167,AAGAAGATGAAGAAT
168,TTAGAATTGTAAATTT
169,TTGAAGAAAAAAAGAG
170,AATAAATAGAGGGCA
171,CTAGAAGAGTTGGAA
172,TATATATATATATATATGT
173,ATATATATATATATATATATATGT
174,TCAAAAAAAAAAAAAAAAAAAA
175,TTCGATAACATTGCTGTTG
176,ATAATAATAATAATAATAATAATAATAATA
177,AGTTTGGGTGGTATT
178,TCTACAAATGAAGAGAA
179,AGTTTGGGTGGTATT
180,ATATTAGCCAATTCTGAA
181,TTTTTTATCCTCTAACT
182,AAATATCAATTTCTTTC
183,TAATATATATATATATATATATAT
184,TTTTTGATTTCATTTTC
185,TTTGGTGCTCCTATTGGTGGTGT
186,GATATTCTGAAAAGGG
187,AATGATGACATTGAATGG
188,TCACAATTCTATGA
189,GGACATCAGGGTTATGAGCCCTGCGCGCTTCCACTGCGCCACGGCGCT
190,AGCCCAAAAGATTTCTAATCTTTCGCCTTAACCACTCGGCCAAGTTGCC
191,AGATGTCTACAATGCCACACCGT
192,TCATTTTTTTTTCTT
193,GGCTTCTATTGGTG
194,AAGGCTTCTAGTGGTATTAATGGTGCTCA
195,GCGCAAGTGGTTTAGTGGTAAAATCCAACGTTGCCATCGTTGGGCCCCCGGTTCGATTCCGGGCTTGCGCA
196,AAATTACAGTCTTGCGCCTTAAACCAACTTGGCTACCGAGAGTA
197,CAAAAAAAAAATAAAAT
198,TTTTCAGAAATTTG
199,TAAAATCACCAGAAAA
200,ACTTCAAACAATATAT
201,GAAAAAAAAAAAAATCAAA
202,ACTACTCTCATATATT
203,GCTAATACCTTCTAA
204,TAACAGCGTTGGCAG
205,GACGAAATTCAAATT
206,TTTAATTATCAAAACA
207,TCTGACCTTGTTC
208,AAATGGAGGCAGCAGA
209,GAATGATGATGATGATGACA
210,AAAAAAAAAAAATTTTTTTTT
211,AACATTATAGAATATATA
212,AAAAAAAAAAATAATATAC
213,AATATATATATATATATATAT
214,TATATACATACATATATGCA
215,GTCCTCTTCCATAT
216,AAGAAAAAAAAAAGAAAGTTT
217,TGTTAATTCTGAAGAA
218,TGTTGTTGTTATTGTTC
219,GCGGTCTGTAATAAAG
220,GTTGTTGTTGTTGTTGTTG
221,ACGTTGTTGTTGTTATCA
222,TCTCTGGCAGTAGCTGGA
223,TATTATTATAGTAAT
224,AATTCATTG
225,TTTCTTTTATTATTTTTTT
226,TTGGTTAACAAGGAA
227,GGATATAAAAGAGCT
228,GTTAACACACTA
229,AAGAGGTTGTAAAATTG
230,ATCTACCAAAAAAGGAC
231,GGACCACAACATCACCAC
232,AGTTTCAAGGCAATGTT
233,TTGGGTTTGGCAATT
234,AATGACAAGTACA
235,TTTTCTATTTTCCTCA
236,ATTAGTTTGGGAAAG
237,AACATCTTGTGGAAC
238,TTTTTTTTTTGGCAAGC
239,CTTTTCACATCAACTC
240,CTTTTTTTTTTTTTTTTTT
241,AATTGTCTCTCTTTAAA
242,TTCAGAGAAAACGTCAT
243,TTCTTGGTTGAAAA
244,ATTGATATTTTCTTTATA
245,ATTTTACATTACTAC
246,TAAAATTTCATTTTG
247,TTCTTATTATTACTTT
248,CTCTCTTTCTCTCTCTCT
249,GTTGTTGTTGTTGTTGTTGCTG
250,TATATATATATATATATAT
251,ATACTCAAGTATA
252,TTCACTACGCT
253,GATATTACAGAATTGTT
254,TAGAGTGGTTTTTGAT
255,CTAGATTTCATAAACA
256,TCTTTTCACCTAATAG
257,TATATATATATATATATGT
258,TTGTAGAAGAAAGAC
259,TTCAAAATTTGTAGAT
260,AATGACGATAACGTCAAC
261,CAATTTTTTCAACTT
262,TATATAATGTCATTCTT
263,TCGAAACCACCATCGTGTCTTTCCTTGTGAACGATAGTACCGATACGACCCAAGTTACGACCACC
264,GCTCTTCAAGATTTTTT
265,AAATAATATAAATACAT
266,AGATCTTGGCATTTTCAAA
267,AATCTTTGGAGAAAAT
268,ATTTTTAATGTTTTC
269,AGTGACTTGACTA
270,AGTGACTTGACTA
271,AGTGACTTGACTA
272,AGTGACTTGACTA
273,TACCAAACAGAAAGAT
274,AACAATTGATGAGTTTT
275,AAAAATTTAAACATC
276,ATTTTTTTTTCAAAAAAT
277,TGAATTTTTTTTTTTTGAC
278,CTTCTTTTCTTTTCTT
279,TAGTCGGTTCACATTTG
280,TGTGGATCATGGCTTT
281,TAAAAAAAAAAATTGAAAAATAT
1,TTTTTTTATTTTATTTT
2,AATTCGTACAACA
3,TATATATATGTATATGT
4,AAAAAAAAAAAAAGAAA
5,CATTTTAGCAAATTCG
6,ATTTTATTATAAAATAGTT
7,CAAAAAAAAAAAAAAAAAAAA
8,ATATATATATATATATATATAT
9,CTTTATGACCCTTAC
10,AATATATATATATAAA
11,ATATATATATATATATATATAT
12,CTGTGGGAATTGAACCCACGATCCCCGCATTACGAGTGCGATGCCTTACCACTTGGCCAAA
13,GGTGGTGATCAAGACA
14,AGCGAAAAATTGAAAAATT
15,AATGAATCCCCAAATT
16,AATGGACACCAACCGATATAATGTTG
17,AAATCATGAGCCATTCT
18,ACAAGAGCTGACAATT
19,TATTTCATCCCATT
20,AAATCTTTTAAACTCACCTT
21,TCGATATTGTTTTTA
22,AATTTATCAGTTTCTT
23,TGGAAAAGCCTG
24,CTTTTTTTTTTTTTTTTTT
25,ACGGTTGAAAAAAAAAA
26,GTCTATTTTCTTCTCTA
27,AGAATTGGATTCT
28,ATATATATATATATATATATATGT
29,TACATATATATATGTATATG
30,GAATGTATCAAATACG
31,TAAATGTATTAACA
32,AAATTATCCTGAATTT
33,GAATTTGAATTGTAAA
34,TTTTTTTTTTGGGTTTTTT
35,ATTATTACCCAGTCCT
36,AACCAAAAATAAAGTAC
37,CTTTTCCTTTTTCCTTCT
38,ACATAACTATTTTTATTA
39,AACATCAGCATCCAA
40,AATTGCCTCTAAAGTT
41,ATATATATATATATATATGT
42,GTATTTTCTTGCATAAT
43,AAGAAGAAGAAGAAGAAGAAG
44,ATAAATTCTCTTTTG
45,AATGCTTTGATATT
46,TCCTCTTCTTCTTCTTCT
47,TCTTCTGGAGCTACGT
48,AACTGTTAACAATTTC
49,ATACATGTACATATATGC
50,AATTCCATAGTT
51,ATATATATATATATATATATAT
52,AAAAGAACACTAGTTAT
53,GCTTGGATTTGACCGTCACC
54,CTAAAGATAGTGATGAT
55,CTAAAGGTCTTTT
56,GTTCTTTAAAATTTTTTCTT
57,TTTCAATAACGTGAAA
58,TCCAGTTATTTTTTTCT
59,CTCAGTTGTCATCTT
60,TTCCGTCTATCTGTTT
61,ATATATATATATATATATATATGT
62,ATAAATAAATAAATAAATAA
63,CAGTTTCTTCATCAATGG
64,CTGGTACTGGTAAGACATT
65,TATATCTATATACATATA
66,TTTTTTATTTTTTTGCC
67,ACTGGTTCCAAATAT
68,AAAAATGGCTATCAT
69,TAATAATAATAATAATAATAATAAT
70,TGAAGGAAGTTAGTG
71,TTGAAGTCTTGCCATTT
72,CTTAACTTCGAAGACAC
73,TGAAAATTTAGAAGAA
74,ATGAAAAAAAAAAAAAAAA
75,ACTATATAATCACCACTG
76,AGAAAATAAAAAAAAAAAA
77,TTATTTTTCTTCTTCGAC
78,TCAAAAAATGTTCTTCA
79,AAAAAAAAAAAAAAAAGA
80,ATACTACTATATTCATC
81,GTAAAAAAGAAAAAAA
82,AGTGAAGTTGATACCGG
83,TTTATGTCTTTTTTTC
84,TAATAATAATAATAATAATAA
85,ATTCTTCTTCAAAT
86,GATGATGATAATGATGATA
87,TTCTTGGCATTATTTAT
88,TCACTTTTTTTCTCTT
89,GTTTTATTTTTTTTTTTT
90,ATTATCATACAAAGT
91,AATTCATTCAGTGT
92,CTAGTTTTGGAATATGT
93,CAACTGCCGAAGTC
94,TGAAAAAAAGGAAAATG
95,GATCTTCCTCTTGCA
96,ATCACCAAGCAAGGCATA
97,TACCAAAGACAAAGCA
98,AAATCCTTTTTTTTTT
99,TGACGGTCAAATCCAAGCT
100,AAAAGAAAAAAATTTA
101,AAAAAAAAAAAAACTTT
102,TTTTATTTTTTTTTTTTTTG
103,AAAGGAAGAAAAAAAACAAA
104,TAATGATGATGATGATGATA
105,AAAAGAAAAAAGAAAAA
106,ATCATTGAAATTCTTCAA
107,AAAAAAAAAAAAATCAAAAAAA
108,AGATGATATATTAAAA
109,AGCAAGAGTTAGAATA
110,TGTTAATGTTGAAGAGA
111,TACAAGATTTTTT
112,TATCTTCATCTTCATCATC
113,GTTATATTTCAAAAA
114,TCAAATATATAATATC
115,GTTATTGGACATT
116,GATTCCTAATAATTT
117,GAAATACCATGAAGAAT
118,TGTATTGACTTGTTA
119,ATTATAAAAATTCG
120,GATTGCAATCGAAGGGTTGCAGGTTCAATTCCTGTCCGTTTCATTT
121,TAACTGGTCCTAGAAC
122,AAGTTTGGCTAGCTGTT
123,TAACAGTGGATTGTT
124,TGCCATCTCCTAGAATCGAACCAGGGTTTCATCGGCCACAACGATGTGTACTAACCACTATACTAAGATGGC
125,TTCTTTTTTCAAAG
126,ATCGTCTATGTCTGTG
127,TTTTTTATTCACTTTTTTTAT
128,ATAAATAAATAAATAAA
129,TTACTTGGTTATGGTT
130,TAAAAAAACATAAAAAAA
131,CTTGTAAATAATCATATT
132,ATTTTCTTTTTTTCTTCTT
133,TTTCTTTCCTTTTTT
134,CATAGCTCTGGTGCA
135,AAAAAAAAAAAAAAAGAG
136,ATCCATTGTTGATGCCA
137,ATAAATAAATAAATAAATAA
138,TCTTTCATCAGAAGCT
139,CAGAATCAGAATCAGAT
140,AGTTTTTTTTTTTCAA
141,GTCAAAACAAAATGCCA
142,TTATTCGGTTTGAAAA
143,TGAAGAAGAAAGAGAA
144,TGTTGTTGTTGTTGCTGCTG
145,GATGATGATGATGATGATGAG
146,ATTTAATTTCTTGAAAG
147,GAAAAGAAAAAGAAAAG
148,TATTTTGTGCAAAATAT
149,TTTTTGGGTTTTTTTGGG
150,CTTTTGAAGCTACATC
151,TAAAAAAGAAAGAAAA
152,GCAGCAGTTTAATTTCGT
153,AACCTTGATTTTTT
154,GAAATATACTGGAAAA
155,TTTTCTAATTTTTTT
156,TAGACGAAGAATTGGA
157,AAAAAAAAAATTGAAAA
158,AGTTGAAACAAAAAAA
159,AACAAAAATGGGAAT
160,AGCAATTTTCTTCTTC
161,TTCATCTTCATCTTCATC
162,AAAAATTTCTTTTTTTT
163,ATAAATAAATAAATAAATAAG
164,TCATCGCTTTTTTATTTC
165,CTTTTTGGACATTTTAG
166,GAAGACGAAGAAG
167,GATGGGGCAGAACCTGAACTATTGTACAT
168,CGTGTATGGAATCCAAA
169,AATGATATTTTTTCCA
170,CCCCAACATCATCAATG
171,TAGACATTCCAACATTAT
172,AAGAAAAAAAACAA
173,AAATTAATTTAGAA
174,AGTTAATAGCCAAACC
175,ATACCAGCGTTATTGACCAAGA
176,ATAGGAAATGAAAGGGA
177,GAAGAAGAAGAAGAAG
178,TATATATATATATATATATA
179,AAAACAAAAAATAAATA
180,ACAATATGAAAACTC
181,TGCAAACCAAAGACAA
182,ACCATTTTTTTCAA
183,TCTCTTCATCTTCAGAAT
184,TCAGAATCAGAATCAG
185,CAAACAGTAGAATCTTT
186,TTTTTGTTTTTTCTAAC
187,ATGACATTAAGAATGAGA
188,TTTGGGAAGAAACTTT
189,GTATTAGCACTTCATC
190,TATCTACAACATTTGTA
191,TATTGTTGTTGTTGTTA
192,TATAGAGCTGACAAGG
193,ATTTTTTTTTTCCATTA
194,AAAAATGGTTACT
195,TTAATAATTATTATTT
196,AAATGAATGTCAAT
197,AAAAAAAAGAAATAAAA
198,TCCTTTTTTTTTTTTTTTTTT
199,GAATAATATATTTGG
200,GGAGCAGGAATTTG
201,TGCTGCTGTTGCTGCTGCTG
202,AGTATTCCAGACCAAT
203,AATAATAATAATAATAATAA
204,AACACTCTTCTTCTTC
205,GTGCGCACAAAGTTTA
206,AAACCTTCTTCAAGAAA
207,CCAAACGTGTTAATTCT
208,AATAAAGTAATCACA
209,ATCACTATCAAATA
210,CCAGCAGAATCAAAT
211,ACTCTTCTTCAAATT
212,TCATAAACTTTGAAAC
213,GTCAAAAGATTTGCT
214,ATTAACGACTTCAGT
215,AGCAAGAGTTTAAAAAC
216,AAAAAAAGGAAAAGTAAGT
217,TATCTTTTCACCGTAAT
218,TGGTGGATGGGAAATA
219,ATTTCAAGTGACCCTTTC
220,TTTTTTATTTTTTTTTTCC
221,ATATATATATATATATATGT
222,ATGCGATGCCCAAAAATTTTTTT
223,TTAACAACATTCAAAA
224,ATTATCATATAATA
225,TCTTGGCTCTTGCATTC
226,TTCCTGACATTTGTTG
227,TTCTTGAAGAAGGT
228,TAGATACAATTGATGC
229,CAATGGTGAATCCATTT
230,ATTATTTTCATTTTCTG
231,CCAAAAAGGAAAACGA
232,AAAAACATAAAAAAAAAAA
233,CTTTTTTTTTTTTTTTTTT
234,CTGCCTGTCTATTTTT
235,GAACTGAACTGGAAA
236,ACTGAAAATATGTCA
237,AAGTCGAAGCTGTTA
238,CAAATACAAATCTACAC
239,AAAAATGATGAAGACG
240,AACAACAACAACAATAACA
241,ATTCTTCAATGACATC
242,AAAAATAAAAAAAAAAAA
243,CTTTTTTTTTTTTTTTTT
244,AAAAGAAAAAAGAAAAA
245,TCTTTTTTTCTTCTTTT
246,CATCAGAAATAACAG
247,ATTATAATTAAACTTAT
248,TCAAAAAAAAAAAAAAAA
249,TTGATCAATAGATTTTC
250,CTGGATTTTACTGCTTG
251,AATCTTCAACAAACAAAAA
252,AAAAAGAAAGAAAGAAAGAAA
1,TTAAAAAAAAAATGAAAA
2,AATAGTATGTTGATTG
3,TCCTTTTTTTTTTTTTTTT
4,AGACACCTCTAGATTT
5,TATTGTAATTGATGAT
6,TTCTTTATAATCTTT
7,TCCAAAGTTAATGAA
8,AAGATTTCTTCAGAAAA
9,AAAAAAAAAATTTATTAA
10,AAAAAAAAAATAAAGGA
11,ATCAGCAACAGCAACA
12,ATATATATATATATATATATAT
13,GTCTTACCAGAACCAGT
14,TCTTTCAATTTGAA
15,TAATATATATATATATATATAT
16,GTCTTCAAGAAATCTGT
17,GTCTATATTGAAAAGTA
18,CACTCTCTTGTATTTT
19,TCAAAAAAAAAAAAAAA
20,CTCTCTATATATA
21,AAAAACAACTGATAAG
22,TTCTTTTTTTTTTTTT
23,TTCGAATCTTTTAATTG
24,ATTCAAATCATTTCC
25,TCTGCACCTTTGCAA
26,TATCCTCATCTTCTTCA
27,TTTTGTTTTTGTTTTTTG
28,AAAGAATAAAAAAAAAAC
29,ACAAAAATCAATCTTAT
30,TTCCATGGAGCAGG
31,AAAAAGGAAGAAAAA
32,AATTACAAAAAAAAATTA
33,CTTGTAGATATATATTT
34,AAGCATGCGAGAGGCCCTGGGTTCAATTCCCAGCTCGCCCC
35,TTGGAGCTGGTGGAATACCA
36,AGACAAAGTTCTCTT
37,ATCGAAAGTACCACCACCCAAGTCGAA
38,ATATCAATTTGAACTTT
39,GAAGATGACGATGAAGAGGAA
40,AATTATAATAATAATAATAATA
41,CTTTTTCTTTTTCTTTTT
42,AGTCAAAATTGCTTTTTTG
43,AAAAATTTCATTTTCTA
44,ATTTTTGAGGCTGGTTT
45,AGAAGATGAACTTAAA
46,AAAAAAAAAAAAAAAAAAAAT
47,TCAGAAGAAGAAGAAGAAGA
48,TCTTCATCTTCGTCCTC
49,TTAATAAATTTATACT
50,TCAGAAAAGGCGATGCTT
51,CTGTAAATGTTGATTTT
52,CCTCAAAGTAAGCTTAT
53,CCTTGTTCTTCAACT
54,GTAATTTAAATTATTATT
55,AGAACAGTGGTTTT
56,CAAGTACTTTTCAGCATC
57,TCATATATTGTGTATT
58,TGGTTTCTTTCTCTTT
59,TCGTCTTCCTCATCATCGTC
60,TAAAAAAAAAAAAAAAAT
61,CCAAAGCTTTCAGAAAGG
62,AGCCCAAAAGATTTCTAATCTTTCGCCTTAACCACTCGGCCAAGTTGCCAT
63,ATATATATATATATATATATATGT
64,AATATATATATATATATATATAT
65,TTTTTCACATTTGGTA
66,AGAAGAAGAAGAAGAAGA
67,ACTTTTGTAGATCTTC
68,TGTAGGCTTTTCTTT
69,TGGATTATGTATCTG
70,GGCATTTCTTTTTTTT
71,CTATTAACAACTTTAT
72,GCAATAAATTGTCAT
73,TTTAATTGACTAAAACCCA
74,TCATAAAATGTACCCTA
75,TAATGATGATGATGATGAT
76,GAAGAAATTTCGAGATACC
77,GAGCAAATATTTGAAAA
78,TTGCCCTTTCTTCAACA
79,TGAAAATTATTTCATTTGTG
80,ATCAAAGAACAAAAGCC
81,TAAACAGTGTTCCTT
82,AGAAAATAATAATTGAGAAA
83,ATATATATATATATATAT
84,ATATATATATATATATATATGT
85,TTCTTCTTCTTCTTCTT
86,GCTGTCAATGACCAAATT
87,AAAAAAAAAAAAAAAAAAT
88,CTTGTGCTTATTAT
89,GAAAAACTGAAAAAAAAAA
90,TTTGATTCTGTTCACT
91,AATATAATAGAAGATT
92,CAAGTAAAAATGCTAAT
93,ATACATACATATAGGTAC
94,GTTTTTGTTCAAAGCA
95,TCTTGATCTCTTCTGTTT
96,TTGTCTAAAGAAGAT
97,ATTTTTATTTTTTTTTTTTT
98,TTAATATATATATATATA
99,GCTAATAATGAATAC
100,AAAAAAAAAAAAAAAAAG
101,TTCCATGTCTTGAGA
102,TTAAAAGAGAAATTT
103,GGTGCCGGTAACTGTATGATTGT
104,TTGAACTCCTGAACCAA
105,TTAATAAAAATTATT
106,TTATTTGATGAAAGAA
107,GTTTAAAGAGGAAG
108,TATATTTCTTTTTTTG
109,AATTAATTGATATTTCTGG
110,AATGAACATGGAAATTAT
111,CCTTTTCCACTTTCA
112,CGAATGCAAAGAAGCTA
113,ATTTTTTTTTTTTTTTCA
114,ATTTTTTTTCTTCTTTCA
115,TATATATATATATATATATATG
116,CAGCAACAGCAACAGCAACAG
117,TTTCGTTGGAATACA
118,AATTGGCTTGTGTACTTG
119,AGGTTGGTCAAAATGG
120,AGTGATATAATGTTTT
121,ATCATTTTGCAATATT
122,TTACAACAACAAAGCAGCGGCA
123,GGGCACCAGCATCTATAAT
124,GACATATTTCTTTCT
125,ACAAAAAAAAAAAGATA
126,ATATCCTGAAACAACTGA
127,TCACAACCAACAATT
128,AAATCAAGAAAGATGAT
129,ACATAAATTGCTGTGT
130,CTTCCAAAATAGACA
131,AAAGAATACACACTTC
132,CACCATTTGGTGTAC
133,AATCCCGACAGAGCT
134,AATTCAAAG
135,TTTGCTAACATTTTTAT
136,TCAGCCCTCTTCAATA
137,TATTGTTTTTTTTTAC
138,AGAGAAGAAAAAAAAA
139,ACATTGAAAAGAATA
140,AAAGTAAAAAAAAAAA
141,GTTGAAATTGAAAAA
142,AGAATGTATTTCTTGAAA
143,CATTTTTTTTTTTTTG
144,TCATGAGCCATT
145,TGATGATATCGAG
146,CTTTTTCCTTTATAGG
147,ATAAATGTATTATATTAT
148,ATAAATGTTTCTTTAT
149,CAAAGTTGAATACCC
150,GAACAGGTTTTGAATT
151,ATTTTAATTTTTTTTCT
152,TACAACAAAACAAAAA
153,GGTATGTTTTCATTGA
154,AATTCAACAACGGTGA
155,AGATGAAGAAGAAGA
156,ATTTTAACTCCCACATCTT
157,TGTTGATTTTTTTCATA
158,GTGATGAGTAAAAGGAA
159,TTTTTTTTTTTTTTTCAG
160,AACCAAAAAAAAAAAAAA
161,TACTCAAAGACAT
162,ACATCTTTTTACTTC
163,TTAATATATATATATAT
164,ATTTAAAAGAAAAGCA
165,CAATTTTAAAATTTTT
166,TTTTTTTTTTTTCACTT
167,TATGTACCAGACATTGA
168,TATTTCTTTTTTTGAG
169,AGGTCCTACCCGGATTCGAACCGGGGTTGT
170,AAAAAAAAAAAAAAAATAA
171,AGGCTTAATCTCAGC
172,TTCTGCTTCGGTAT
173,TTCCTTCCTGTGGATT
174,AATATTTTAAAATTTC
175,AATCATTACGATGGT
176,CTCTGGGAATTTCTT
177,AAAAAAAAAAAAAAAAAAAAT
178,AGGCTTAATCTCAGC
179,TTCTGCTTCGGTAT
180,TTCCTTCCTGTGGATT
181,AATATTTTAAAATTTC
182,AATCATTACGATGGT
183,CTCTGGGAATTTCTT
184,GTCCAGATTTGCCTTCT
185,TTTTTTTTTTTTTGCGAT
186,GTCCAGATTTGCCTTCT
187,TTTTTTTTTTTTTGCGAT
188,GGGGGGATATTGGTGG
189,AATTCGTTTCTTC
190,GAGCAAATATTTGAAAA
191,TTTTTTTTTTTTTGCGAT
192,GTCCAGATTTGCCTTCT
193,TTTTTTTTTTTTTGCGAT
194,GGGGGGATATTGGTGG
195,AGTTCTAATGAATCAGC
196,TTTTGAGCAAAAACT
197,CAGATGTGATAGAAAAG
198,AAATAAAGGAACAAAAA
199,CAGCAGCAGCAGCAGCAACAGCA
200,CCAAAAAAAAAAAAAA
201,TTTTATTTTCTTGTTC
202,AAAATTCAAAAATTCAAAA
203,TTCTTTTTTTTTTTTTTA
204,AAGCTTAAATGTTTTC
205,TTGGATGACCAAAGAAA
206,CAAGTACAAAAGAAA
207,AGAAAAAAAATACGCA
208,TTTATATTTTCACTA
209,TTTGTGAAAATTTGAA
210,TTCAATAAATTCTCTAA
211,TTTTTTTTTTTTTTTCAAA
212,ATAAAAAGAAGAAAAGTA
213,AAGAAGTTTGTGCCCTT
214,TTCTTTTGTTTATTTT
215,CAACAACAACAGCAGCAGCAGCAGCA
216,ACAATATTTCTCAAGC
217,AGCAACAACAACAACAACAAG
218,AAGATTGAACAACAAC
219,TAGAACGAGCACATAAGA
220,CAATTGACGATGTACGT
221,AAAATCGAAGAATTATCTA
222,TTTTTTTTTCAGTTTTTT
223,AAAAAAAAAAAAAAAAAAAA
224,GATTCAGATGTTTGTA
225,GAATATAATAGTTGAATT
226,CTTTTTTAAATTCTTTT
227,ACGCCTTAAACCACTC
228,CATCATATGCATACCACCACCTCC
229,CTATAAGCACGAAGCTCTAACCACTGAGCTACACGAGCATTTTC
230,ATTTGCAGTGAGACT
231,GGCATCAAACC
232,ATGGATTTAAATGT
233,ATTTCATATTATGATT
234,TTTTGAAAAATTCTAA
235,GATGTGATAGACTTG
236,AGGTAAGCATCCTTTC
237,AAGAGTAGAGGTTTTA
238,TTTCTTTTATATTTTT
239,GAAAAAAAAAAAAAATAA
240,TTTGAGAAATAAATTGTT
241,TTGGTGGTGGTGGAATTGGTA
242,CCAAACTTCGACGA
243,AGATATGGTATCTGTG
244,AAATGCTGATATCT
245,CGTTAAGAAGTG
246,GTCAAGGTTACCAACA
247,AGAAGAAAGTTCAAGAA
248,AAGAAGAAGAAGAAGTT
249,TGAAAAAAAAAAAAAAA
250,ACAAGAAAATCTCTT
251,AAAAAGAAAAAAAAAAAAA
252,CAACAGCAACAGCAGCAACAG
253,ATTCATTGATTAATTTATT
254,AGTTTGGGTGGTATT
255,AGACCTCTCCCATGCTAAGGGAGCGCGCTACC
256,CACGAATGGTTGGCCGGTGTTGC
257,TTGGTGGTAAAGGTAAG
258,TTATGATTATGATTATTA
259,GATCCAATTTTTTTTTG
260,AGATTTGAAACTCATA
261,TATTGATATTAACACAT
262,CGCTTTTTGTTTTCAT
263,AATATGAACAACAAA
264,ACAAATAATCTGTGTTTT
265,TATATATATATATATATATA
266,AAATTCAGGAGACAA
267,GATAGTTCTAATGAAT
268,GAAGGTGGTGCTATGGT
269,ATGAGAGATGAAGATAGAGT
270,ATATTTCCCACAGCTTTTGC
271,AAAAAAAAAAAAAAAAAAAA
272,CTTGTTGTGGAGGT
273,AAAAAAAAAAAAAAAAAAAT
274,CTATTTAACACATGA
275,ATTAATTATTTTATAT
276,GAAAGAGAAAGAGGTATTAC
277,GTAGCTTGTTCCATTTCTTGTTGGTATTGTTGCATCAATTG
278,GTCAAATGTCTCTTGACAAAAGTGGTCTTACC
279,AATGAAATGGACGATTTCGCTCAA
280,GTAAGGATTTGGCT
281,TGGGATGACTTCATGACTG
282,TGGTGCCGGTGGTTAC
283,CTTAATTTTTTTTTTTT
284,GGGTAGCACATCGATGA
285,AACAGATAAATCTGCT
286,TTTCCAATGAAAGCT
287,ATATTTTTTCCAGAT
288,TTCTTGAAAAAAAAAAA
289,ATATTCTCGTTCAAAC
290,GGTGCAATTGATAATA
291,AAATATTCTCTCTCCTT
292,ATCTTCTAAAGATAAAA
293,TAGTCCTCGGAATAAATA
294,AGAATTAACACTATT
295,TTTTTCTATTTTATTTTT
296,AGGTCATCATCCTT
297,ACAGTTTTTGAAACTACA
298,AAAAAAAAAAAAAAAAAAAA
299,ATATATATATATATATATA
300,AGGCAGTTGCACATG
301,TGTTTTCGACTGAAT
302,ATATTGAAGATGAAGAA
303,AAATATCAAGATATAA
304,GAAGAAGAGTCTGAT
305,CCCTTCTAGATAATCTATCAG
306,ACTTTAGCCCTTTTA
307,TGGCCGAGTGGTTAAGGCGA
308,GAAGAAGTTCCACA
309,AATAATGATGAGGCAGG
310,CTTCATTAGTATTTTT
311,TATAAAAAGAAAGG
312,AATATTGTTGTTGCA
313,TCATTTTTTTTTTTTTG
314,AATATTGATAAACAA
315,TCCGATATAGTGTAACGGCTATCACATCACGCTTTCACCGTGGAGACCGGGGTTCGACTCCCCGTATCGGAG
316,GGAATTTCAAGAACT
317,TAATGGATGATGATC
318,ATCATCCAATTTCTTT
319,AAGCTCATCGCATTTT
320,GATGACGACATGGGTTTCGGTTT
321,ACACTATTATCAACTA
322,CTGCTGGTACTGAAGCT
323,AATTATCTTTGCAAATGT
324,GTTATGTGATTATAAA
325,TGAAGAAGAAAATGAA
326,ATTCAAAATCAAATC
327,AAGAAAGAAAAAAAAAAA
328,CTTTTTTTTTTATTTTTTT
329,TATATATATATATATATATATGT
330,GTTTTTGAATATTTCTGGT
331,TTTAAGAAGCAACA
332,ATTTTTTTTTTTTTCA
333,AAGATGAACAAGAAGAA
334,CCGTCCTTTTCTTC
335,TATATATATATGTATATGTGTAT
336,ACCGTAACCGATCAAAG
337,TGTAAATAATATATCAT
338,AACAAGAAAAGAAAACTA
339,TTTTTGGATCTGCCTT
340,CATTAAAAGCCTTTTAA
341,CCAAAGACCAAACACCA
342,TTTTTTTTTTCATTTCT
343,CGTCTTTTCTCTTTGG
344,CAAATGTGAGTCAAATGGG
345,TCATCATCATCATCATCATCATCACT
346,TTTGGCTGAAACAAA
347,GTAATCATATAAGTCCT
348,CTTTTCAATAAACTGA
349,ACAAAAATGTTTCAAAT
350,ATAGTCTATTATTT
351,TCATCCAAAAAAGA
352,CAATAAAGTCAAAGGT
353,GATCCGTTTCTCCCA
354,GCTATAAATACCATT
355,AAGAAAGCCATTGGGAA
356,ATTCTTAAGTTAG
357,CAATTCAGCACGTCTGAT
358,ATATATATATATATATATATAT
359,CATGTAATTATTCAA
360,TCAATCTTCTTAACTG
361,GAAAAGTTGGTCAAACAATGC
362,ATTCTGAAAAATTTCAC
363,CTTTAAAATTGGAA
364,TCTTATCTTTCAAAAT
365,TCTTCTTCCTCTTCTTCTTC
366,CAAAATCATTACCAG
367,CTTCCTTTGACTTTGAATG
368,CAAAATTTAAAAAT
369,TTCCAAGATAATCAA
370,ATTAACATATAACTAGT
371,CTCTTGAGCCCTGCTCATCTT
372,AGAAAAAATCAAATTATT
373,AGTATTTTTATTTTTCTT
374,TTTTTACTATATATATTT
375,TCTTCTTTTTTTTCTT
376,GATTTCTTCTGGTGTTT
377,ATTTCATACAAATTCAAA
378,CTTTTTTTTAAAAAAAAAA
379,TCTTTTTCTTTTTCTTT
380,GGCTAAACTTTCAT
381,TATTTTCAATCAGAAT
382,TATTGATGAAGTTCATGA
383,TTATCCCACAATTCA
384,CATTTGAAAGATAGGAT
385,TTGAAGCAGAAAAAG
386,TAAAGAGCACTATT
387,CTTTTTGGAAAATATTTA
388,ATTATTAACAAATTTTG
389,AAAGAAGAAGAAATATAAA
390,AAAACGCGTTACATAGT
391,AAAAAGCGCATCTGT
392,ATAATAATAATAGCA
393,GTCTCAATGGCGT
394,TATTAAGGAAAATGA
395,CTTTTTGCTATTGCTAA
396,TTCAGTAAATTTTTGA
397,AAAAAAAAAAAAAAAAAAA
398,AACAAGCTGCTAACTTGA
399,TGCTCACTACATATGT
400,AAGCTGCTAATGGTAA
401,TCATTAAAATTTTCATA
402,GTTGTTGTTGTTGTTGTTG
403,TTTTTTTCTTCTTTCAA
404,AATATATATATATATATATAT
405,TTTGCAATTTTCTGGA
406,CATCCTATAAATTTT
407,AACCGAAAAAAAAAAAAA
408,TAATATAGAAGTTTAA
409,TTTTTCTTGATCTTCTT
410,GTTTGATTTCTGTGTC
411,GACAGTGAAGAA
412,AATTTTTTTTTTTTTTTTT
413,AATCATTAACCCATAT
414,AAGAAGAAGAAGAAGAAGAAG
415,ATGGAAGAAAAAGAAGA
416,GGAAAGATCAATATAGTT
417,TTTATTTTTTTTTTTTTT
418,AAAATTGTATTAATAA
419,AGAAGAATTTCTCTAT
420,TTAAAAAAAAAAAAAAAA
421,GTGTGTGTGTGTGTGTG
422,GTTCCTGACATTTGTTGAA
423,GAGGATAATAGATTCC
1,AATTAAAAAAAAAAAA
2,CTATACAATTTTTTTTTTTT
3,CACACAATCCATAATC
4,ACTCAATAGATAGATAA
5,ATATATATATATATATATATATGT
6,AAATTCGTTCAAAT
7,AAATTTTTTTTTTTTTTTTTCA
8,GATGAAGATGAGGAAGATG
9,AATTCAG
10,TACATTAATTTCAATAT
11,CAAAACATTTTTGA
12,TTCTGGTTATTATATGGT
13,AAAAAAAAAAAAAAAAAAAATT
14,TTCTTTGTAAAAGTGT
15,CAACAACAACAACAGCAGCAGCAGCAGCA
16,TACTATAAATGGGA
17,ATATTTATATTTATAT
18,ACAAAAAAAAAAGGAAA
19,ACATTATATCTTTCTTG
20,ATTTTTTTCTTTTTTT
21,GAAAAATTTTTGAAAGGTA
22,CAACCTGATTTTCC
23,ATCATCATACAATTGCA
24,TATTGTCGAAATCA
25,TATTTTTTTTTTTTTCA
26,CAGATCTGCCTTCAA
27,TTCTTCTTATCTTGTGAA
28,TTCAAGTATTTTGGATG
29,CACAAATTTAGGAT
30,GTTGTTGTTGTTGTTGTTG
31,ATGATGAAGAGCTAAAG
32,CATTATTAAAATAAT
33,AACAACAACAGCAGCAACA
34,CTTGTTAAAAAGGTCAAAA
35,GTAGATCAAGTTCTTCAA
36,ATTATTTTGGCTACT
37,AGGATTTAAAAAAGA
38,ATTGTTGTTGTTGTTATT
39,GAATAACAACAAATT
40,TATATATATATATATATATAT
41,TTTTTTTTTTATTTTTT
42,AATGGATGTGGTATT
43,ATATATATATATATATATGT
44,CTCCTTTTCAATTACCAA
45,ACGAGAACAAGAT
46,AAAATCGATGAGTTGA
47,CAAACTTGCACAGCTTCTTG
48,TTTTTCAAGAGAATA
49,ACCAACAACAACTACAA
50,AATAGAATGTTTTCGG
51,CTTCTTCTTCTTCTTCTTC
52,ACTTGTTGAGATAAAA
53,CTTTTCAAGTCATCTCT
54,GAAAAAAAAAAATAAAAAAA
55,AAAACTTTTTCGCAAA
56,GTTATCAATATATGGAT
57,ATAGATGTCAATGCCAA
58,GAAGAAGAAGACGAAGA
59,TATAGTTGTTTTCAT
60,AAAGGGTAAGAAGGTTTC
61,TTCTTGAACTCTCTTTCT
62,TTTTAAAACTTTTATCA
63,CAAAGGAGGTAAAAGAC
64,ATGAACTGGTGTGT
65,CAATTTTTTTAGCAA
66,ACCTTGAAGATAGCA
67,AATTCTGGTTT
68,AAGCATTACTATTTT
69,ATATATATATATATATATATATGT
70,TGAGGGGTAACCACGAATGT
71,ACTCTCGGTAGCCAAGTTGGTTTAAGGCGCAAGACTGTAATTT
72,CTTCTTCTTCTTCTTCTTCC
73,TGGGTATTTCCACTTT
74,TTTTGGTATAAAAAAGAA
75,TGAAAAAAATTTGAAGA
76,TTTACCATGAAAAT
77,ATGCGCAAGCCCGGAATCGAACCGGGGGCCCAACGATGGCAACGTTGGATTTTACCACTAAACCACTTGCGCG
78,AGTTTGGGTGGTATT
79,TTTTTTTTTTTTTTTTTTCA
80,GGGGCGAGCTGGGAATTGAACCCAGGGCCTCTCGCATGCTT
81,AGTTTGGGTGGTATT
82,TCTACAAATGAAGAGAA
83,AAGTTTGTCGGTACT
84,ACATCGTTACCTTCAA
85,AGGAATGAAAAAAGAAAA
86,AGTAATGATGATGATGATGAT
87,CTGCTAGACATAAAAAA
88,ATGAAGAGAGAT
89,GGTATTGATAAGAACAT
90,ACAATTTTAATGTTACC
91,TAGTTGAACAAGGGATAATA
92,ATAATAATAATAATAATAATAATAG
93,CAGCAGCAGCCTTAG
94,TTATTTAATTGGTTGTTG
95,GATGATGAAGACGACGA
96,TAATCTGTCCAAATC
97,AAGAACAAACACATTA
98,TTATCTTTTTCAACT
99,AAATTATTCATTGAAAA
100,AGCCCAAAAGATTTCTAATCTTTCGCCTTAACCACTCGGCCAAGTTGCCAT
101,GTCAATTGCATTAAT
102,ATATATACATATATATG
103,TGGGATACTGCTGGACAGGA
104,AAGCCCAAGTTAAGGAAG
105,AGAGAAATGTTAAGAA
106,TCCGATATAGTGTAACGGCTATCACATCACGCTTTCACCGTGGAGACCGGGGTTCGACTCCCCGTA
107,GATCTATTACAGTCT
108,TGTTTGCAGCATTGA
109,AAAATTTTTTTTTCTTCT
110,TGGAAAAAGACCTGGG
111,CTATTTTTCTTGTT
112,CATCAGTTGTTGTTT
113,TTGTTGTTGTTGCTGCTGCTG
114,AAAGAAAAAAGATACCCG
115,TGTGAAGATGGTACT
116,TTTGTAGAGTGAGA
117,AGATATTGTTCCTGTT
118,AGACCTCTCCCATGCTAAGGGAGCGCGCTACC
119,GAAATCAATATTCAAA
120,TGAATATCTAAAGAA
121,TATAGAAAATTAACTG
122,TCATAATCATAATCAAAA
123,ATGAGGGAAAGAGGAA
124,CAAATAGGAAAAGAAAA
125,GCTAAATATCCAGATTACTT
126,TTTTCCAAATCAACTT
127,ACGGTGCCATATGAT
128,CTTCTACTAAATTTCTT
129,GTTGAAGGATTTCAT
130,TGGAAATGACAAAGCTGCGGCCGAT
131,CAAGTTATCTGGAGGTCCTGTGTTCGATCCACAG
132,GATGATGATGATGATGATGA
133,CAACAGCAACAACAACAACAACAAC
134,TTCAAAGAAAAGAAAAA
135,TGTTGCTGCTGCTGTTGTTG
136,AACCAAAAAAAAAAAAA
137,AATTCGTTTCTTC
138,TGAAACGGACAGGAATTGAACCTGCAACCCTTCGATTGCAATC
139,ATATATATATATATATATATATGT
140,ATCACAAGTCCAAAATTG
141,TCTTGAAAATATATT
142,AATTGGTTGGTCAGATGG
143,AAAAATAAAAAAAAAAAA
144,CAACAGCATCAACAACAACA
145,GTTGAAACTTTTCA
146,ATAAATAAATTTAACTT
147,TTGAACATTTGCAACA
148,AGAAACAAAATTTAAA
149,TTTATTTTTAATTTTG
150,AGTTTTTTCAAGATT
151,TTTTTATTTTTTTTTTTT
152,GGAGAGGAAGAGGAA
153,AGATTCAAATAC
154,ATCATTCAAATCATTT
155,GTTTTCCCTTTTGCCCCG
156,AGCCATTTTGATGTTGTG
157,AAATTTAGTACTTAAA
158,TACGTGCATTCTGAAA
159,AGTAGAAGAAAGC
160,TTTTTTTTTTTGCCGTTT
161,ATGTTAATAAGCAC
162,GTTTTACCGGTACCTGG
163,AGAAAAGAAAAAGAAAG
164,TGTTGCAACAACACCAA
165,CATAATATTTAACGTT
166,ATTTCTATCTTTATTC
167,AATTCTTCCAA
168,AAAAGAATATTATTGTT
169,GTGCTTCAAAAACTTGT
170,AGAACAAGTTTAACAA
171,TCATTATATTTTTGAAT
172,TAATGTTTTCGAAGTTT
173,CCAGCTGTGACTTGTAC
174,TCGGTCTTTGAT
175,TTCCTTAGTGAACTCTT
176,ATGAAAAAAAAAAAAAAAA
177,TCTTTTACACTTTTCAA
178,GTCTATTTCTTCAT
179,AAAAAAAAAAAAAAAAAAAAT
180,ACAGTGATAAATTCAA
181,CAAAGAAGAATTGATG
182,TTTGAAATTTTCTGTA
183,AGGGCCTATTCTGTTGG
184,ATTTTTTTATTTTTTTC
185,AAAAAAAAAGAGAGAGAG
186,AAAGAAATACTGGTAGA
187,TTTCTTTCTAATTCTTCT
188,TTTTTTTTTTTTCAAAAAT
189,ACAACAACAACAACAACAACAAC
190,TGAATTAGAAGAAAGAAT
191,AACGTCAAGAAGGCGCTA
192,CTCTAACTTTTCAGAAGT
193,TAATAAATATATTAATG
194,AAGAAAAGAAAACTACA
195,GCTCAGAAAAATTTGAC
196,AAGAAATAAAAAA
197,ATGAAATTCAGAAA
198,ATTCATAATATCATTAAT
199,TGGCAAAAGGAGAAACC
200,ACTGCCTTCCTAATG
201,AAGTAAAATGGAAAAGTAA
202,AAAAAAAAAAAAGAAA
203,TCTTCTTCCTCACCCTC
204,CTGTGTTCAGAATATGG
205,CCTGGAAAAGCATTATT
206,TTTTGGGATAACTATTTTGA
207,ATTCTTTTGAAAAG
208,AAATGTTGTCAACAGCC
209,GTCGATGAACAATCCAAGAACGAATTGAAGAAGGCTTTCAC
210,ACAATCTTCTCTTTATTA
211,GAACATGATGATGGCGA
212,TAATATATATATATATATATATAT
213,ATTTTTAAACAGAAT
214,AAAAGATTTTAAAAA
215,TTAGCTTCCTTGAA
216,TTCAAGGTTTCC
217,GTCTCTGTCACTTTAGA
218,AATAATATATCCAAT
219,AACCAAAAAAAAAAAAAAA
220,TATAACCTTTACCAACA
221,TCTACGAATTAACAAAT
222,TTCCACTTTTTCATTTGG
223,TACTGTCATTTTTTT
224,TGGCTCATATAGAGA
225,TTTTTTTCTTTTTAATA
226,GTTATTTCAAAGTACATA
227,TATTGTTGTTGTTGTTATTGTT
228,TTCATCTTCGTC
229,AATTCATCGTCATC
230,TCTTGAATCCAAA
231,TGATCGACAAGCTCATT
232,TTCAAAGTACTTCC
233,TAATCTGCCAATCTTCTA
234,ATTGGCTTTTCTTGTAAAAAGTT
235,GAATCTAGATTAATTTCCTCATTG
236,TCTTATAATTATATC
237,TACTCCTCACCTTGCTTATAATAAAACTG
238,TATTTTATCAAATATC
239,AATGTTGTTTTCTTG
240,ATGTGATATTAAGAATGAA
241,AAAAAAAAAAAGGAAAGA
242,ATATAGATTTTTTTTTT
243,AATTCG
244,ATATATATATATATATATATAT
245,AAAAAAATAAAGAAAA
246,AGTTATTTTTACT
247,TTTTTTTTTTTTTTAATTTTTT
248,AAAAAAAAGTGAAAAAAG
249,TTCTGAAATATGGCTGGT
250,ATGAAGAAGAAGAAGAA
251,TGATTAATCTCTTTTTT
252,CTTCTGTTTGGCCTT
253,TGATGACAAGATTAAAA
254,ATATATATATATATATATATAT
255,GTCTGGCAGTTAGTAAG
256,AAAGGAGAGTGTT
257,TAATATATATATATATATATA
258,ACCTTTGCCAATCAGTGATG
259,AATAGGAAACTATT
260,TTCAGCCTGCAAGAGA
261,AGGATAGAAGAAATTA
262,CTCATCTAAACCTTCTTC
263,TTTTTTTTTATTAATT
264,CTTGTTCGTATTCTTCA
265,GTACCACCTCTTTGAACGTGACC
266,TTGGTACCACCTT
267,TCACCACCGGAAGTCATGACGGC
268,ATCATTAGAAATCACG
269,TGATTTCAATGCCATC
270,GTCTCAATTATTTGAAGTT
271,TTCTTTATTAGTTGCA
272,TTAAAAAAAAGATC
273,CTTTCTCCAATTTACT
274,TTCTTCTTCTTCCAT
275,CAGAAGAAGAGGCGA
276,AAAAAAAAAAAAAAAAATT
277,ACTGACCCAGAAAAGAAGAGAAAGAT
278,TTCAATAAAATTCTTGA
279,GAAAATACTATATCCAGA
280,ATACAGGAATATGTAG
281,ATTTTTTTTTTTCATTC
282,TCTTCCTCTTCCTCTTCTTCTT
283,CTTCATTTTTTTTCA
284,TTTTTCTTTAGGTTTATC
285,ACCCAGATAGAAACTTT
286,ATAATACATACCCTATTT
287,ATCTTCTAGTAACTCGAT
288,ATGTGGTTCTTAACGATA
289,AGTTTTTTTTTTTTTTTTT
290,TTGAATTGCATTTCCC
291,TATTTTTACAAGTCGGACAT
292,AAAAGTTCAAATTTA
293,AGACCTCTCCCATGCTAAGGGAGCGCGCTACC
294,CTTTTTTTTTTTTTTTTTT
295,CTGTTCTTTGGGACT
296,AAAATTTAGAAAAAAGTAA
297,ATTCGAAATCACCAAT
298,GCATACATTTCATATGA
299,AAATGCTTTCAATTT
300,TCTTTTTTTGATATCTA
301,TCTTGGATGAGCTTCT
302,AATAATAATAATAATAATAA
303,TAAGAAGAAGAAGAAGAAGAA
304,TAATAATTCATTTGCA
305,GGGGTTGTTCGGATCAGAACCGAAAGTGATAACCACTACACTATA
306,TTCCTCAGTTATTGGTGCAAATAT
307,ATAGAATTATCAGATTTAGC
308,TTAGATCAAACCAT
309,AAATCCTTTTTTTTTTTTTTTTTT
310,TCACCTCTTCATCTTCT
311,TTCACGTTCTTGGAAA
312,CATTTTTCTATCAAAACCA
313,TATGAATGAATCCAAAA
314,ACTCTCGGTAGCCAAGTTGGTTTAAGGCGCAAGACTGTAATTT
315,AGGCTAAGACTAATCC
316,AATGATCTGTGGAGTAAC
317,TTCTTTTAGTATTA
318,AACAAAGTTGTTAC
319,ACGTGCTGCCAGTAAT
320,ATTCGTACTCATTT
321,AAGAAAGAAAATAACA
322,AAAAAAAAAAAAAAAAAAAA
323,TTTTTTTATTTGTTTT
324,ACTTCTTTATCAT
325,AAATACAACAGGACTTGAG
326,ATCGGTATTGATTTGGGTA
327,TTTTATTTTTTTTTTTAA
328,CCTTTTTTTTTTTTTTTTTT
329,ACTACAAGTATCCGATA
330,AAGATTTCAATTGC
331,ATGAATTTAAAATGGGAA
332,TTCGTCTGCCAAGTTTA
333,AAATATCAAAAAGAAT
334,AAACAAAAACAACAAA
335,TTCTTCTTCTTCTTCTTC
336,GCATCATCTTCATC
337,ATTGATCAACGACGATT
338,TTTGTAGGGATGAATC
339,TGTCAATTGTCTGGT
340,TTCAAAAATTTATTTGA
341,AAAATCATCAAATGTGA
342,ATTATGTATCACAATACAT
343,TGAAAGCTTTTGTTATT
344,TCATAAGTAACATGA
345,AATGATGATGATGACG
346,CTTTTTTTTTTTTTTTTTT
347,TGTTTCCTTTTTTTTTT
1,AATTAAAAAAAAAAAA
2,TTTTCTTTGAAAAAAGACGA
3,CATGTATATTCTTTT
4,AGGCAACTGCGTATA
5,TTGATACCATTCCATAA
6,GTTTCTGCTCAGTATCAT
7,AAAAAAAAACAGTGCTA
8,GAAGAATATAAAGTTTC
9,AATTCTTGCTTTGGA
10,TATAATTTTCTCTCT
11,TTTTTTATTTTTTTATTTTTA
12,AAAGAAAATGTGGTCAGTC
13,CAAAAGAGTATTTA
14,TAAAGCATTTTGATCTTT
15,TTAATATATATATATATATATATAT
16,TTCCATTTTCAATTTTCA
17,TTATTTTGACAGCTT
18,TATTTTCTTGAAAAAA
19,TCTTCCTCCTCTTCTTCCTC
20,AAAATAAAAAGAAAA
21,CAGAGCTGCTTTTATTT
22,GAAATGCTAATACGTAA
23,TCGTCTTCTTCCAAAG
24,TGAAGTGTCAATTGCATT
25,CAGCAGCAGCAGCAGCAACA
26,TTTTCTGCATCTTCTT
27,ATTCATCGTCATCTTCAT
28,CTTGAATGAATTTTTG
29,AATTCCAATGGAATCA
30,ATTCATATCAGTG
31,TAAAAAAAATAAAAGAA
32,AAAAAAACAAACAAAAC
33,GAAAATTCTATTATT
34,GAGGATGAAATGAA
35,TGATAACCACTACACTA
36,ATTGGTATATTTCTTT
37,AGCTTCTATGGCCAAGTTGGTAAGGCGCCACACTAGTAATGTGGAGATCATC
38,ACTACGCTGAAAAACC
39,GCATTTATTTCAA
40,GATACTTTTAAACTATATG
41,GCAAACCATCTACTG
42,ATGAAAAAAAAAAAAAAAA
43,AAGAATTGCTTTATT
44,AGCTATTTTTTTCAC
45,TGCATTTAATGAACTG
46,GGAGGTGGTGGTGGTGGAGG
47,TTTTCTTTCTCTAATAA
48,GTCGGAGAACCCGT
49,GACTTTCCTTTGAGT
50,AAAAAAAAGTAAAAAAT
51,TATATATATATATATATG
52,TGGTATACATTACTAT
53,AATTCTTCTTTGAGT
54,TTGGATGATAGTTTTA
55,AGTAGAAGACAGTTTGT
56,AAAACAATATAAGAA
57,TTTTCTAAAAAGAAA
58,AATTCAAAGGTTT
59,AAAGGAAAACTGCACTAGT
60,CTCAACTATTGTAT
61,AAAAAACAAGATAAG
62,CATGAAAAAAAAAAAAAAAA
63,TTGTTTTTTTTCTTGAGA
64,TGTTTTCATATAAAGCCA
65,TTGTTGTTGTTGCTGCTGCTG
66,AAAAAGGACAGATCTAAAT
67,TCATTGTAGTAATTAT
68,TTGAAGTTGTACAACAG
69,ATTATTGATAATGGTT
70,AAAGAAACAAAAGAAAT
71,ATCGAACCGTTATTGAA
72,ATATAAACATTGAAAATA
73,TTTTTTTTTTTTTTTTTTCA
74,ACTATGTACTTGATACAC
75,CGATAAGTTGGAAAA
76,TATGGTAAATTAATTA
77,TCAAGCACATAAAAGGG
78,CAAAGAAAAGAAACTAG
79,TTCGAAGAAATCAGATTG
80,AGACCTGTTTCAATG
81,AAAAATATTGAAAAAAG
82,GAGGAAGAAAAAAAAA
83,TGGTTTTTCTTTTGGAATA
84,AAAAACTAAAAATAAA
85,CTTTTCTTTTTATTCTT
86,CCTTTCAAAATTTCCTTCT
87,ATGAAAATGAAGTTGAAA
88,AGATGATGATGAAAAT
89,CTCTGCTCTAATTG
90,AAGAAGAACTGGTCAAAAA
91,TGCAATTTTTTTCTAACT
92,TTCGATTTGGGTGGTGGTACTTTCGAT
93,AGAAGAAGACTGGT
94,TTAACCCAGATGAAGCTGTTGCT
95,AGAAGTTGGTTTGAAG
96,AACAACCAAGAAAG
97,CAGGTGGCCAAG
98,TCATCTTCATCGTCATC
99,GTGTTCGATTATAGTAAT
100,TTTATTTTTTTTTTTTTCA
101,TGAACGTATGTGTATATATT
102,TCTGAAGCCTTCTT
103,GTTGCATAAATCTGTT
104,GCTGTTGCTGCTGCTGTTG
105,TTTTTTTTCTGTAATT
106,TGAACTCCATGTCT
107,TGAGAGCATCATCACTTG
108,GGTGATGATGATTTACA
109,CAACAAAATGAAAATGACA
110,TTATTTATTGATTATTTT
111,GTTCTAAACTCCTTCA
112,ATAGTATCTCCATTTC
113,AAAAAAAAAAATAAAAAAAAAA
114,GAAGTGAGTAGCAGTTCA
115,TACGGAAGGTTCTAG
116,GATGATGATGATGATGAAG
117,TTACGTCTTCCTCGGTAA
118,GCAACAGCAACAGCAA
119,AACAAAGCAACTCTTT
120,ATCAGAAGTCAAA
121,AAAAAACACCAAAAAG
122,GTACTCTTTCTTTCT
123,AGTAGAGGTGGTA
124,TTTCTTCTGGAATAC
125,TTAGAGAAAAGAA
126,TGTCTTCATTTTTTTTT
127,TCCTTTGCCTTTTCAT
128,TGATTAATTACAATCA
129,TATTTTATAAACTATTT
130,CAGCAGCAGCAACAACAACAACAACAA
131,ATTTTACCTCCAACTT
132,AAACTACCACCT
133,TTCCAATTTTAA
134,TCATCATCATCTTCTTC
135,CATCTTCATCCTCAT
136,CGCTTGTCTTCTTCAAC
137,TCTTCGTCTTCGTCATCAT
138,AAATTATTAATTTT
139,GGCCCATTGGAGTCA
140,GTGTCAAATGAGGA
141,CTTTTTTTTTTTTTTTTTT
142,TTGATACTGGGTAA
143,CTTTTTTTTTTTTTTTTTT
144,CTACTTGATCTTTTGG
145,TTTCTTCATTTATC
146,TATCGAAATGGATATC
147,AAAAGGAGTCAAATT
148,TCCACTCGCTG
149,TCTCAAGTTCTTGTTCAA
150,ATTCTTGAAACTGAAG
151,TTCAAACCGGCC
152,TTGCATAGTGGAA
153,ATATGAGTGAAGAAGA
154,TTAGCTCAGTTGGGAGAGCGCCAGACTGAAGA
155,TGATGAGTGACGCC
156,TTTCTAATTTTTTTGGTT
157,TGAGGAATAAAGAAT
158,AAAGAAAAAAAAAAAAAA
159,TTGAATATTTAAATCT
160,TTTTTACTTTAGATTA
161,TTCTGATTCTGATTCTGATTCTG
162,TCAAATGGCAAGGTTT
163,AAAAGTTGCAAAATTGT
164,AGATATATATATATATA
165,CGTTCTTTTTCAAAATAT
166,TTCCTCTTCAACATC
167,TCAATGAATTTCTT
168,GAGACTATCTTTGATGAA
169,TAAAGGACTTGATGG
170,CTTTTTTTTTTTTTTTTTT
171,TGTTATTTATTGATATAA
172,TGTTTTACTGGTTTG
173,ACATATGTATATATATATATAT
174,TTTGGCACTGGAGAAT
175,AAATTTGTTACCTTCAA
176,TGGATCATAAAGTTCAA
177,TATATATATATATATATATA
178,CAAAGTTGGGATCTT
179,AAAAAAATAAAAAGCAA
180,CTTTGGTGATATTGGT
181,ACAGAATTTGGTCAATG
182,TCATCGTCGTCTTCTTC
183,TTTTCCTTTTTATCTGA
184,TGAACTGGTTTTGTAA
185,TTACCTTCTTCTTCCG
186,AAAGCTCTTCCTCTACT
187,AACGTATACCACAA
188,ACTCTGGTAATTTCTTT
189,ACAATTATTCAAAGCG
190,AAAAAGAAAAGAAAAG
191,GAAATATGTTCAAAA
192,AGGTTTAGCTGTTGTT
193,TCTGATGAAGAAGATGA
194,AGCAAAAAAAGAAAAGA
195,ATATTCAAAACTACCAAA
196,GTTGTTTATCCAATCAA
197,AGCTAGAACTCTAGAA
198,AACAACAAGCTCAGAA
199,TCATGCTTGGCATACTTGT
200,ACATTTTCTATTTTTAT
201,CTCTTGAAAATATGG
202,AAAAAAAAAAAAAAAAAAAA
203,AATTGGAAGTTTAGA
204,TTTAATTTTTTTTTTTT
205,TTTGCATATCCAA
206,AAAAAAAAAAAAAAAAAAAT
207,CTTCAACTTGTTTC
208,CTAATCTTGGTATTT
209,CATTTTCATCAAGTGAA
210,AAAAAAAAAAAAAAGACA
211,CCATACCTGCCGATGC
212,AATAAATTTCTCAGAATAA
213,ATATATATATATATATATATAT
214,TTGTACTCGTACTCTAATG
215,CTTGATGTCCTCCCCA
216,TTCTCTCTTCTTCTTCTTCTT
217,AAAATACCAATAGAGT
218,AAAGATCAAGTAGAA
219,TGGACCGTCTTTGACA
220,TCTACAAATGAAGAGAA
221,CAGCAACAACAACGGCAA
222,CAGCAGCAGCAGCAGCAACAGCA
223,AATGTGATTTCAAGTTC
224,ACATAAAATAAAATAT
225,AAATTTTAAATTCTAT
226,ATTTCTTCTTCAGGTTC
227,AATTCTTCTTGTTT
228,TTTTTCCATTGCTGTTT
229,CTTCCTCGTCTTCATCTTCT
230,TCAAAATGCCCAAGAAG
231,TTCTTTAGACAGTTT
232,AATCTAATTTAGAGAT
233,CAATAACACTTTC
234,ACTGGTCAACTCCTTGG
235,TATCAATGAAAGGTA
236,GTTCAACTTACTATT
237,AATTCAGATT
238,AAGCATGCGAGAGGCCCTGGGTTCAATTCCCAGCTCGCCCC
239,ATTAAGGAGGAAGATG
240,AGATCCACATCCTCCT
241,TTGTTTTGTTGAAGTA
242,TTTTTTTTTCAGCTTCA
243,CAAAAAAAAAAATTAAAA
244,GATGATCTCCACATTACTAGTGTGGCGCCTTACCAACTTGGCCATAGAAGC
245,CTTCCCTCTTGTAATAGT
246,CAGCAACAGCAACAGCAACAG
247,CTTTTTATTTTTTTAAC
248,TAAAATAAAAAAAAA
249,TTTTTTTAACGCATCTA
250,TCTTTACTAATTATCATT
251,TACCAACTCAGATAG
252,GAAAATGCTTCTTTCC
253,CAATGCTGGAAAGAAA
254,TTTATATCACGGTGAATTA
255,CAACAGCAACAGCAGCAACAGCA
256,ATATATATATATATATATATAT
257,TTCCGAAGAAGAAAT
258,CTTCTTCTTCCTCATCGTC
259,AAAAAAAAATCTTAAAA
260,GAAATCTATACAATAT
261,AAGAAAAGTTTGTAAAAT
262,TCAATAGATCATCAACC
263,TACAATAAAAGATTTGAA
264,TATATACATACATATAT
265,CACCTTTAGCATTAA
266,AATTCTCTTAGTAACATACCATC
267,AATTTTTTTTTTTTTTTTTCA
268,CAAAATTTCCTCTTCAG
269,CCGGCCAACTTCATG
270,CTCTCTTTCTCTCTCTCTCTC
271,AGCTGTATTCTTTCCAA
272,CAATAGTGAAAAAAAAA
273,TTATTTATCCTTTGTA
274,AAAATATCATCATCTTT
275,AGTGTGGAAACAATTATG
276,AGCTAAATACTATCAAGC
277,TGTCCGTGCAAGAATAT
278,TATTTGTATATTATTAG
279,ACATATATAATATATACAA
280,ATATATATATATATATATATATGT
281,TATATATATATATATATA
282,ATTAGAAGCAAAACTA
283,GTCTTTAAATTACTGT
284,TTTTTCAATAAATTT
285,AAGATTTCAATAAGCAC
286,CCGATGACGACATGG
287,AAAAAGAAATAAAATCAA
288,CTTTTTTTTTTTTTTAATT
289,TCTTTTTCTTTTTCTTTTT
290,CTGCTGCTGTTGCTGCTG
291,AAAATTTTTGCGATGAGCATC
292,AAACTGTTTGCTTTGT
293,TTTTACCCTTTCTTTAATAC
294,TATATAATATATAAGAT
295,AATACCATTTTCCAAA
296,AAGAAACCTTTTGAAAT
297,ATATTGTGCGTTGGG
298,AAGAATTAAGAAACTG
299,AATTCAAGGCTA
300,TCAGCTCTTCAA
301,TTTTCCTTTTTCCTTC
302,GTCTATTTCTTGAACCT
303,AATCATACCAAATCCA
304,TTTTTTTTTTATATAAT
305,ATGGGTGTTTTACATT
306,AATCTGCATTTTCCT
307,TGATAGTGATGGTGATGGTG
308,TTACCATGGACAATT
309,TCCATTGCTGAAGC
310,TCAAAAAAAAAAAAAAAAAAAA
311,TAATATATATATATATATATATAT
312,ACTAATCGAGAGCTTT
313,TGGTGTGTGTGGGTGT
1,ATATATATATATATATATATAT
2,TGAAGAAAGAGAACT
3,TCAAAAAAAAAAAAAGAAA
4,AGTTATGATTAGA
5,CCATTTTAGATAGAAA
6,GGAAATCTATTTTTA
7,AGAAAAGAAAAATAAAA
8,AACGAAAAAAAAAAAAAA
9,TAAATTTGATAGATTGTGGC
10,ACCATAGAAATACGATA
11,AGAACACCAGAAAAAG
12,ATTATGATTCCAGTGAG
13,CTGGTTGCTACAATTG
14,AACTGCTTCATTTGTTC
15,AAAAGAAAAAAAATC
16,AATAGATAATATTTAT
17,AATATATATATATATATATATAT
18,ATAACAGGATGATTTA
19,TCCTAAATTTGGGAT
20,AAGAAGAAGAAGAAGAAGAAG
21,TTTGACAGATCAAT
22,CTTTTTTTTTTTTTTTTTT
23,TCATCATCATCATCATCATCATCATCATCAC
24,TTTTTTTTTCAGAATTT
25,TTTTTGGAACAACTTGT
26,AGCTATTGGATTAAAA
27,CAATATATTTGTAATGT
28,TTGTCAAAATATTCATG
29,TGTGTGTGTGTGTGTGTGT
30,GAATGACAACAATAGAA
31,TTCTTTTTTTTTTTTTT
32,CAATAGTTTCAATATT
33,TATTTAGCAAAAATATCT
34,AAAAAAAAAAAAATAGAA
35,CTCTCTGTCATCATCATA
36,AAGCAGCAACTCTTCT
37,ATTTAAAAAAAAAAAA
38,AGCTTCTATGGCCAAGTTGGTAAGGCGCCACACTAGTAATGTGGAGATCATC
39,GAAAAATCCTTCTGAA
40,GACTTACTCAGTTTGA
41,AGTTTGGGTGGTATT
42,TCTACAAATGAAGAGAA
43,GAAAAAGAATTAATTA
44,TACAATATTTGAAACT
45,TCTTCTAGCTCTTCTA
46,AAGGCAACGCTTTTAT
47,AGGGCTGTTTCAAAG
48,TTTCATAGTTCAGCAAATATTC
49,ATATATATATATTTATA
50,TTGTAATGCCTGCTGAG
51,ATGAAAAAAAAAAAAAAA
52,GATTTGAATTGAATC
53,AATTCAAGAAATTTGA
54,CTCTTCTTCTTCATCATCA
55,AAAGAAATATGTTTGAA
56,GATGTCTTGAAAATTT
57,ATAATATATAGATACAAA
58,TTTCCATTATTTCAAA
59,AGAAATATTTGAGATAATA
60,TGTTATGAGTGTT
61,TCTTTTTATCTTTATT
62,AGAGAGAAAAGAAAAAAAAA
63,TTTGATTTTTTTTTCC
64,GTTTAATTGCTGAAGT
65,GTATTGGACAACTTTCA
66,AACCACCAATCAAAATG
67,TTCTTTCAATAATACT
68,ATTCAATTCGATCAT
69,ACATTTGATACCAAAAGATT
70,TTGTTGAAGGTTTGGATCC
71,TTCTTTGAATGTA
72,ATTCTTTCCATTGGA
73,AGAAGAAGATGATGAC
74,AAATGTCTCTTGA
75,AAGAAGATGGATTGAC
76,CACTCTTTTCTTGTTAT
77,GTTTGGTGTTGGATGA
78,TCTTTTATTTTTTTTTTT
79,TTTTTTTTTTTTCACTTT
80,CTTTTTTTTTTTTTTTTTT
81,TTTTTTTTTTTTTTTTTTCA
82,TGCTGATATAATTATG
83,GGATATTGGAGGT
84,TGCTTCTTTTTGTCAAA
85,CCAAACAGCAGTGCTACG
86,GAAACAAAAAAAAAAAAAC
87,AATACAGCGTTGGACC
88,ATTTTTTTTTTTTTTTTT
89,GATACCTCCGTCATTTTG
90,CATCTCATCATCTT
91,TTGGGTCAAAGATA
92,AGATTCTTGATATTTTT
93,TGCGCAAGCCCGGAATCGAACCGGGGGCCCAACGATGGCAACGTTGGATTTTACCACTAAACCACTTGCGC
94,TAGTTTTTTCACTTCTT
95,CAACAACAACAACAACAACAGCAGCAGCAGCA
96,CAACAACAACAACAGAACAC
97,CAGCAACAACAACAGCAGCA
98,CTCTAATTTCACCATT
99,AAAACATAAAATTGAAT
100,GAAAATGTTATTGTTGA
101,GGCACAGACTGCTGGAG
102,TTATAGACGATGTAAGC
103,TCAATGGGATGAAACGGGA
104,CCCAACATTTCTGGTCTGATTTCAACTTGGTTGAAA
105,AAAGAAAAAGAAAACC
106,ATTTTCAAAATAAGAA
107,CTCATTTCTTTGAAA
108,TCCTCTTCTTCCTCTTCA
109,TTTTTTTTTTTAGTTTTTTTT
110,TGGCCGAGTGGTTAAGGCGA
111,TTATAAAAAATTTATTTA
112,AAAAAAAAATTGAAAAA
113,CGCGCAAGTGGTTTAGTGGTAAAATCCAACGTTGCCATCGTTGGGCCCCCGGTTCGATTCCGGGCTTGCGCAT
114,CTCTCGGTAGCCAAGTTGGTTTAAGGCGCAAGACTGTAATTT
115,AAATTATCAAACATAAC
116,TACTGAACCTGTCATTT
117,ACTTAAACTTATATATA
118,AAAATTTTCAGTATAT
119,AATTTAGTCTTCT
120,CTGTGAACTTCCCTC
121,AGCATTGGGAAGTAC
122,ATAGTTATATATATTAA
123,ATATTAAATATACAAA
124,AAGCATGCGAGAGGCCCTGGGTTCAATTCCCAGCTCGCCCC
125,CACAGAAAGTCTAGGGT
126,CTTCACCGGTTTTCAAT
127,CTTTTTTTTTTTTTTTTTT
128,ATATATATATATATATATATAT
129,ATTTGGAATATTTATATGA
130,GCTGGTATTTTAAGTT
131,GATTCACCATAATTCAT
132,TTTTTTCTGAATTATC
133,GCGTATAGTTTATCAGGGT
134,AGAGCTAGTACTG
135,CGCCAGAAGCAGACT
136,CGGTATGGGTGCCGGTG
137,ATTGACTTATCACT
138,GAAAAAAAAAAAAACAT
139,GATGATCTCCACATTACTAGTGTGGCGCCTTACCAACTTGGCCATAGAAGC
140,TGCAAGCTGTTTAC
141,GCAAACTTGAAGAATAT
142,TTGTTCTATTGATTCA
143,GAATTTGAGTCTTTG
144,ATATGCTAAAAAAGGTG
145,ACTTCATACACGTTTG
146,TGTTACATTTTTTTAGC
147,TTTTTCTTCGAGATTTTTG
148,AACTGGATTTATATTG
149,AAAAAAGGAAAAAAAAAA
150,AGAGGTTGGTGAAAAT
151,GAAGAGTTTGCTTATCAGCA
152,AGTTCCATTGATGGTGCATACTT
153,AAAATTTTCAGAATT
154,AGCAACAACAGCAACAACA
155,AACAAAAATAATGGAAGA
156,AGTAAAAATAAAAAAGAA
157,TCATCGTCATCGTCGTCGTC
158,TAAAAAAAATAAAAAGCA
159,CTTTCCAAAAATTCTTG
160,CTATAAAAAGTGGCTA
161,CTTCAAATAAATC
162,TTTTTTTTTTTTTTTTTTCA
163,AAATCAATATCGCTTCC
164,ACTTGAAATTGTTGAC
165,AAAGTTGAAGTTAAA
166,AAAAAAATTGAGCAAA
167,CTGCTGAATAATTTTG
168,AATTCCAAGGTT
169,TCTTATCTTTCAAAAT
170,GAAGAAGAAGTGG
171,AAGCATGCGAGAGGCCCTGGGTTCAATTCCCAGCTCGCCCC
172,TCTTCTTCTTTGTTTT
173,AATAAAACAGATTGA
174,AGGAAAGATTGATATTA
175,TGAATTTCAATTGT
176,AAGTTTTCCTTCAA
177,AAAGGTCAAAATTGAG
178,TTGACTTCTTTAAGGC
179,AAAAAAAAAAAAGAAT
180,TTGAAAAATGTCTGAA
181,ATTTTATTTTTTTTTTTTTT
182,CTTAGTTTCTTCTTCGC
183,CTTTTCCAAATTTC
184,TTAAATCAAAAGTCA
185,CCCAATTGAAGATGGA
186,AGTTATAAAATATAAT
187,GAACTTAATTGAAGTGTTC
188,ATATATATATATATATAT
189,GTTGAGGTGTTTTTT
190,AAAATTTTTCGTCTTT
191,TTGTGCTTCTATTTGAA
192,CAACTTACGTTTTT
193,GGATATGGTTGAGTAC
194,TTCGTTGAATTGGAAAAT
195,CACGTTCAAGATATTG
196,GAAGAAAAAAAAAGAAA
197,AAAAAAAAAAAAAAAAAAAATT
198,TTTTATTATTTTTTTT
199,CTCATTCAAAAAAA
200,AAGTACGAAATTACAA
201,CAGCAGCAACAACAACAACAGCAG
202,AACAACAACAACAACAACAACAACAA
203,CCTTTTCAGATATAT
204,GGACATTGGGTCCATT
205,GAAAGCAGATAGTAT
206,CAGGAGCTTCAAACAAG
207,TACTTATTATTTGATGAA
208,TGTCTACCGTAGATACTTCT
209,AATTGCTTGCCCTTT
210,TCATCACTATCACTAT
211,AAATTTTGTACCCTTTTC
212,ATGAGCTTCAAATTGAGA
213,GCTATCGCAAGACCC
214,ATATTGACTGCTGT
215,AAAAGAAGAATTTAATG
216,CATCATCATCATCATCATCATCAT
217,TCTTCTTCTTCCTCTTCTTC
218,AATCATTGTTATTTATT
219,CAACTTGAAAATTT
220,GTCTTGGCAAATTCTTCA
221,AGTTTGGGTGGTATT
222,ATTTTTATTTTGAATTT
223,GAAATTTTCTTCGAAT
224,TATATTCAAACTTTCTCAT
225,ATTGGTTATTGTCAGCAACAAGATTT
226,GGGCGAAGGTTGTAAA
227,TCTCCAGATTATTTA
228,TTTTTATTTTTTTTTTC
229,AAAGTTTACAAAAAAA
230,AATTCTTTTCCT
231,TCTTCTTCTTCTTCTTC
232,AGCGAATTGTTGAAGTTG
233,CCCAACTACTAAAGA
234,ACAAAAAAATAAATGA
235,TATTAAACTTTTTA
236,TTCAATTCCAG
237,ATCCGATAGCAGAA
238,TCATTAGAACAAAT
239,AGCCAGAGGCCAAAG
240,TATTCATCGGGCTGG
241,AAGACGCCAGAAATAACAC
242,AAAATTCGACAAAGT
243,AAATTCTACTTTCCCTTA
244,CAAATGATATGTTAGAG
245,AAGAATTTAACGAAT
246,ATTTATTTCAATTTACC
247,TTTAATGAGAAAAAAAT
248,GAATGAAACAGGAT
249,ATCCAAAAGAAAAATT
250,ATATTTATATATATA
251,AATTTTCATAACTTTTT
252,GAAGAAAAAAAAAAGTT
253,TCTTAAACATAATGTCTTT
254,ATATATATATATATATATATAT
255,AAAAAAAAAAAAAAAAAAA
256,TCCTTTTTTTTTTTTTTTTTT
257,ACGTTCTTGTAAGTGATTCTGGA
258,TCGAAAGTATTATTTC
259,CCATGTTGATCATGGGAA
260,AAAAAATTTCCTCGAA
261,TTGAATGATGAAAAGAA
262,CAGGGATAGTAAAGCTT
263,AGACATTTGGACAACT
264,AATCAAAAAATCAAG
265,TGGAGAAACAAAAAATA
266,GCTTACTTTGATTTTGT
267,AGCGCCGTGGCGCAGTGGAAGCGCGCAGGGCTCATAACCCTGATGTCC
268,AATGTTTGATGACAAA
269,AAAGGCAATAATGAT
270,TCTCTTCAAAATGAAT
271,GTTCCAAAAGTTTGG
272,GTTTTTTTGTTTTTTTTT
273,CTTTAACTTTTGATAGTAA
274,TACTGGTTTCAATAAAT
275,ATATTGCTACCCAAG
276,AGAATATTTGCAATATTA
277,ATCCTCGTCATCATCA
278,AATTTCTTTGTTTTTTAT
279,GTTGTTTCTTATCTT
280,TTTCTTCTTCAATTT
281,CATTTTTGAAGCAAGGTG
282,TTTTTTTTTTCAGTTTTTT
283,TCTTTTTGAAAATGCTT
284,AAAAAAAAAAATAAAAAAAAAAA
285,TCAAATGAAAAAAAAT
286,AAATACATTGGAATA
287,CTATTCCAAGAGATTTGC
288,TGCATTTGTAGTTTTTT
289,CAATATGGAAGTCCTCA
290,GAAGAAAAAAAACAAA
291,TTTGATTTGTTAGGCATT
292,CATTGAAAAATGAAA
293,CTTGAATTTCTATTTG
294,AAACAAAAAAAGAAGAA
295,GAAAAAAAAAAATAAAA
296,AAAAATTTTTTTTTTTTTTTTG
297,TTCCCATCTTCAGCA
298,TGCTCCTCATTAAAATT
299,TTTGTTTTCAATCAAATCA
300,GGGCTTTGAATATTCT
301,GTTGTTGTTGTTGTTGTTG
302,AAAAAAGTGAAAAAAAA
303,TCGATTCTAACGTTAC
304,ATACGGTTGATATAAACAG
305,ATTTTGAAAAATGGAA
306,TGATTGGAAAAAGGAT
307,TTCATTATTGAAATCT
308,CTTTTTTATCAATT
309,TTTAATTGGTTGCCA
310,ATGTGGAAAACTTCTCC
311,TATACATAATAATAGTAT
312,AATATATATATATATATATATA
313,GTAATCAATCTT
314,TTACAGATTTTCTTTA
315,AAAAAAGAAAAAAAGGAA
316,AGAGCTTTAGATATCAT
317,TTGAGAACATAAAGAAAC
318,TGGATCGATTTGAGATA
319,TGAAAATTATTTCAT
320,ATATATACATATATAT
321,TCCTTTTTTCTTCACCTTT
322,AGAGGTAAAAGAA
323,GATCATAATACTAATC
324,CTTTTTTTTTTTTTTTTTT
325,CAAGATGTTGCTT
326,TGAAAAAAAAAATGAAAAACTGA
327,GCTGAAAGAGAAGA
328,AAAAATAAAAAAAAAAAAAAAA
329,TTTAAAATTTTTTTTTTT
330,CTAGCTTGTAAATATTTA
331,TTTTTTTTTTTTTTTTGC
332,TATAATACCAAGTT
333,AAGACAGTTCAATTAAT
334,TTTTGAAAATGCTTCT
335,TTCTATTGGAATCTAGAA
336,GTCTTCCTCATCTT
337,ATATATATATATATATATATGT
338,AACCAAAAAAAAAAAAAAA
339,TTGTTGTTGTTGTTGCTGCTG
340,ACAATGGGACTTGCAT
341,ATTCCTATTTTG
342,ATATTCTTCAAATACA
343,TTTGGAGTTTCTTGT
344,CTTTTTTTTTTTTTTTTTT
345,ATTTCAAAAAAGGTAT
346,AAGCATGCGAGAGGCCCTGGGTTCAATTCCCAGCTCGCCCC
347,GAATCAACGTTTGATA
348,TTGAATTAAAAAAAAAAAAA
349,AATGGAAACAACAGTA
350,AAAAGGAAGAAAAAAAA
351,ATCGGGCAGAAGTTGAA
352,AAAAAAAAAAAAAGAAA
353,ATTCTTCCATGA
354,TCATTTTGAAATACT
355,AATACAGCAAATAAT
356,ATCCAAAATTAACG
357,TTGAAAGAGGAAGAGAT
358,AATATATATATATATATATATA
359,TTTTTTTTTTTTTTTTTTA
360,AATTTTTTTTTCACTATT
361,AAAAAAATTGAAAAA
362,AAAAAAAGAAATTACAT
363,TTATTTATTTAATTATTT
364,CTTGTGAAAACTTG
365,ACAACAAGGACAAGGAC
366,AACAACAGCAGCAGCAACAACA
367,AATACCGTCTGGAGTATC
368,AGCCAATAAAACAG
369,AGAGTTTCTTACATCT
370,TCATAGTATAAAGAA
371,TTTTTTTTTTTTTTGAA
372,TGCAAAGAATAAACCACTGA
373,TAATAGTTTTAAAAAA
374,TTCATCCTCATCTTCA
375,TTTTTTTTTTTTTTTTTTCAA
376,AAGATGACGATGAT
377,GTTGTTGTTGTTGTTGTTGCTG
378,ATAATAATAATAATAATAATAATAATAATAG
379,AGTACTTGTACTTGA
380,ACATAAAGAACATAAAA
381,TAGGAGAAAAATTTGA
382,ATTTTTTAACTGTCTC
383,AAGCAGGTACTTTTG
384,TCCTCATCCTCCTCATC
385,ATATTTTTTCAATTTTTT
386,AATATAGAATACCAAA
387,CATTTTGAATGAAAATT
388,TTAAAAAAAAAAAAATT
389,TCAACAAATTTCTCTA
390,ATTTCTAGATAATCTA
391,CTTTTTTTTTTTTTTTTTT
392,TCCTTTTTTTTTTTTTTTTTT
393,ATTTTTTTTTTTTAATT
1,TTTATGTTTACTTTTT
2,CAAAAAAAAAAAAAAAAAAAA
3,TGAATTAAAAAAAAAAAAA
4,TAAAATAGAAAATACTCA
5,CTTTTTTTTTTTTTTTTT
6,GGCCATTGTCAAAGTTT
7,CCAGCTTAAGAATATG
8,AAAAAATGAAAAGTACAGC
9,AGTTGTTGTTATTACTTGT
10,TGGATACCATAGCCAT
11,AAGTACGATCAGAAGA
12,TCATTTGTTGGATTT
13,ATACAATCGATTTAG
14,TCTTTATTAATTTAA
15,AACTTTGGATTGCTATT
16,TTGTTTTGCTTCCATAGAT
17,ATACAGAAAGAAAAAAA
18,TGAAACGGACAGGAATTGAACCTGCAACCCTTCGATTGCAATC
19,AGTTTGGGTGGTATT
20,CTTCTTCTTCTTCTTCTTC
21,TAAAGTTTCTTCATT
22,AGCTGCCGAGTCAATCG
23,CAAAAAAAAAAAAAAAAAGA
24,TAGTATGACTGTATTTAT
25,CTTACGTTTCTCTTG
26,TCAATAACAGCTTCAA
27,CTTCATCCTTCTTTTCCT
28,TTGTTTTCTTCGTGGA
29,ATATATAATAAATACG
30,AGCAATATTTAAATATCA
31,TTCAACTATTCCAAGAGA
32,TCTATTGTTTACACCAAT
33,CAGCAGCAGCAACAGCAGCAGCAA
34,AATGACAGGCCCCAC
35,TAGCAGTTTCGAAGAA
36,CCTTTTTTTGATGAA
37,AATTCATAATGA
38,TTAATATATTCAAAA
39,ATATATATACATATATAT
40,TTTATTTCCTTCTTTTC
41,ATATGTATATATATATATAT
42,GCAGTTTTCTTTCGTT
43,ATTATTCGAGGAAATGAAA
44,AAAAGAAAAAAAAAAAAA
45,TTGTTGTTTTTTCTTT
46,ATATTCAATTTATAGAAA
47,TTTTACTTCTTTCTTTT
48,CATTAACATACAAAAT
49,ATATATATATATATATATATAT
50,ACAACAACAACAACAGCAGC
51,CTTTTTTCTTTCTTTTTTT
52,TCGTCACCATCATCGTC
53,ACAGATTCTTCTGATTCC
54,TGAATGAGGAGGAAAGTA
55,AATTTAAGTGATACTG
56,CAAATTGAAGGACTTCAA
57,GTTTTTTTTTTTTTTT
58,TAATTTTGAAGAGCTTT
59,GTTGTTGTTGTTGTTGTTG
60,AGATCCAATTTTTTTTTG
61,AAAATAAAAATAAAAAAA
62,CAAATTGAACCAAAA
63,TCAAAAAAAAAAAAAAAAAAAA
64,AAAAAAAAAGAGTGTCCTT
65,GCAAAGAAACTGATTAA
66,ATTTTTCCACTTTTT
67,AGATGAACAAGAAGAAGA
68,AAAAACAACAACAATAA
69,CTTCATTTGGAAACTT
70,ATATATATATATATATATATAT
71,CAACGGTCTAAAGGTCT
72,TTATATGTGTTTCTA
73,CATCCAATTTTTCTTTT
74,TATATATATATATATATATAT
75,TCATCATCTTCTTCATCT
76,ATTTTTTAAGAAAATGGAG
77,ATCTAGTAGTTTTTCA
78,TATATATTTCAAAAT
79,TGGCTTTCTTTACTGT
80,ATGATGAACTTGCT
81,AGTTTTGGAAAAGTAT
82,AAAAAAAAAAGGAAAAG
83,ATTACTGGGTTTATTTT
84,CTTCTTCTTCTTCTTCTTC
85,GCAGTAGACCAACTTG
86,CAACATGAAAAAGAG
87,CAAGAATAATCAACGAA
88,TTATTCAAAATTATAGAT
89,TATTTTTATTGTATTGATG
90,TTAGAGCTGTTTGAAA
91,ACTTTTTTTTTCATTTG
92,AGATGATCTATTGTAC
93,CAAAAGTTCTAGCTTTTT
94,CTGCTGCTTTCGCTGC
95,AAATTCATTCAAAGAA
96,TGTATCATTTACAA
97,AAATTAAAAAAAACTT
98,TGAAGAAGAAGAAGAAGA
99,ATATATATATATATATATATATGT
100,GATGAAGACGACAAAG
101,AATGAAAAAGGAAAACAA
102,AATAAAAAGAAAAAAAT
103,TCTACCAATTCTGTGAA
104,AAAGAAAAAAAAAAGAAA
105,ATCAGAATTTGAGC
106,TTTTTATTATTACAAA
107,TTTCCAAAAATTTA
108,GGACATCAGGGTTATGAGCCCTGCGCGCTTCCACTGCGCCACGGCGCT
109,ATTTATTTTTTACTTCT
110,CTTTTTCATCAAATGAGT
111,AGAAAAAAAGAAAAGAA
112,TTACAATATCAAGTAT
113,GTTTTTTTTTTTTTGTT
114,AGACTTCAAACAATA
115,TCGAACAGGAGTTGCT
116,TTCTTCACCTAAGTA
117,CAACTGCAATTATAAAA
118,TTCTGTTTAGTTCTT
119,TGTTGTTGTTGTTATTGTT
120,CTGCTGTTGCTGTTGC
121,ATATATATATATATATATATAT
122,CATTTTTTTTTTTTCA
123,CTCGCAATCTCCCG
124,CTTCTTCTTCTTCTTCTTC
125,TTTTTTTTTTTTTTTTTTCA
126,TGAAGAACAAGAAGG
127,TTTTTCTTTTCCTTTCC
128,CAATATTGATGTCGAT
129,AAGAGCTTGATATATTA
130,AAGAAGAGAAATTAAA
131,GGAGGGAACACAAAAA
132,TGATATTTTTCTTTCT
133,CAATTTGATAAAGTT
134,ATTTTTCAAATGAGCT
135,TTTTTGATTCATCATTAAA
136,TTTAGTTTTATATC
137,TGCAAAAACACGTAATT
138,TGAAAAAAAAAAAAAAAA
139,AAATATTTTGCAA
140,TAATTTATAATTTTA
141,TACCAATTACAGCAGA
142,TTCATCACTTTCTTCTT
143,ATGTTATTTTATTTTTT
144,TTTCAGTCCAATTCC
145,TGTCAGTTGGTACATT
146,TGATTTTAATAGTA
147,TTGTTTTTATCAGTT
148,TTTGAGCTAAAATAGT
149,TGTTTGACTTTTTTTG
150,TTACCAGCACCGGATTCACC
151,ATTTTGTATTTTTTTTTC
152,AAGAAAAAAAAAGAAAAA
153,CACATTCACTTTCGGT
154,TCTTCCCCTATATCTC
155,TTCTCTCACTCT
156,AAAAAATAATAAAAAAAAG
157,AAAAGACTAATTTATA
158,TATATATATATATATATG
159,AAAAAAAAAAAAAAAAAGACAA
160,AAACAATACCAAAAT
161,TTCCTTTTTTTTTTTAC
162,GGATAAAGCATACTTGT
163,TATTTTTCAAAGAGTA
164,TATTAGATACATT
165,GAACATATTACTATT
166,TTCCTGAAGCTTGT
167,TTTTGAAAGGGAAGAAG
168,TTTTTGTTTGATTTTT
169,ATTTTTTTTTTGTTCTA
170,TTTTTATTTTTTTTTTTTT
171,ATGGAATTGGTATTA
172,GCTATGACTGGTGATGGTGTTAA
173,TGCTTCACTTTCAAAA
174,TTTATTTTTTTTTTTGAAT
175,TCCTTTTTTTTTTTTTT
176,AAAAACAATCAAAATC
177,TGGTTCATTCCAGGGT
178,GCAAAAAAAAAAAAAAAAAGA
179,TATTCAATTGACTTT
180,AATCTTGAGCATTAC
181,TATAGATAGAAAAGGTCAATA
182,CACGACACAT
183,TTATAATAATAATAATAATAATAATAATAA
184,CAGCAGCAGCAGCAGCAACA
185,TATAGCTGCCATGAAGT
186,TAAAAGATATTCAATT
187,AAACATCTGCTAAAGC
188,TCTTCTTCTTCCTCTTCTTCTTC
189,AATTAACACGACCAG
190,AGTAATTCTTTGTCT
191,TGAATAATTTTTTAAAT
192,TTTATTGAAATAAATCA
193,GTCAATTCTTGAAGTT
194,TCCTCGAATAAATTC
195,AAGTTTCTTAAGTTTA
196,TTTTTTATTTTTAATTTTTTTT
197,TTATTTTTTTTTTTTTT
198,TCAATTCATGGAAAAA
199,TTCTGTGGATCGAACACAGGACCTCCAGATAACTTG
200,CGCGCAAGTGGTTTAGTGGTAAAATCCAACGTTGCCATCGTTGGGCCCCCGGTTCGATTCCGGGCTTGCGCA
201,AAAAAAAAAAAAAAAAAAAA
202,GAAAAAAATTGAAAAGTG
203,AAGATAATAGAGTTGGGAC
204,ATATATATATATATATATATAT
205,ACACCATAAAGGAATATG
206,ACTTCTTCCTCTTCTT
207,AAAAAAAAAAAACATATAT
208,GTTGTTGTTGTTGTTGTTGCTG
209,AAAAAAAAAAAAAAAAAGA
210,CAAAAAAAAAAAAAAAGAG
211,TTCTGTGGATCGAACACAGGACCTCCAGATAACTTG
212,TTTGCCTGAAAATATA
213,TCATCTTCATCCTCATCTT
214,GTTTTCTTGCCAACT
215,GGGTATCCTACAGCTT
216,ACACACACATATATATA
217,TTCCAGAGCTATACTT
218,GAAACAAAATCTAGCTG
219,TCGTAACGTAAAGAAC
220,TTTGAAGAAGAGAAT
221,TTTATTTATTTATTTTA
222,CCAACTTCCTCCAGTA
223,GTTTATCACATAAAAT
224,AAATTTTTTTTTTTTCC
225,AAAAAAAAAAAAAAAAAAAA
226,CTAAATCTTTATTACATTC
227,AGGGGCATTTGGGTCCT
228,GTTTGAAGATCTGCGAT
229,TAGAGTCATTACTT
230,AAAAATTTCAAAACC
231,CTAGATCTTTTGAATCAT
232,CTTTTTTTCTTCTTTTCT
233,AGCAACAGCAGCAGCAACAACA
234,AGAGAAAAAAATGAAA
235,TGGCCGAGTGGTTAAGGCGA
236,AAAAAAAAAGAAAAACCTTC
237,CATTGAACAACCATCTA
238,GGTCAATATTTTCTCC
239,TGCATCTGTTTCTTGAAA
240,ATCAGCCAAAACCATC
241,TTTTGGATTGGATG
242,ATCAACTGATAATAC
243,AAAAAAATTCTATGGGTC
244,TGCTCTAAGATATTCTTTT
245,TTATTCAATTGACTTTTG
246,TTTATCATGTCT
247,GACGACGACGATGATGATGATGATG
248,AGAATCAAAAATAGA
249,ATATATATATTTACTTGT
250,GTAGTCGACTATGAC
251,TTCCATCAAAACTTCA
252,AGAAGATGATGAAGGTG
253,AAAGGAAAATTTTTAA
254,TTTCGATTTTCTTC
255,TTTTTTTCCTGTTTTT
256,AGTCTTTGACACCATT
257,AAAAAATTTCAAGAAA
258,CATTGATGAAAATGGT
259,CAAATCATACAAAAG
260,TATTCAATGAATACA
261,AAAGTTATACTAAAAAA
262,CACACATGCTCTCTTT
263,TGGTTCCTCACTTCCATTA
264,TTTCAAGGACGAATTT
265,TTATTTTTTTTTTTCATTCAA
266,ACCAATATTTCTATTAA
267,CTTCTTCTTCTTCTTCTTC
268,ATAGAAAATAAAAAAAA
269,TTTTTAGCAATGAAAAGA
270,ACGACTTCTTTGCG
271,AATATTGTGAACTATA
272,AATCTACAATGAAT
273,GGTGTTAGATTCAAGG
274,TTGGCATCAAATAACT
275,GGGAAACTTCCGAGA
276,AAAAAGTGAAAAAATA
277,GTTAAAGTTATTCCAA
278,AATTCGTTTCTTC
279,GAGCAAATATTTGAAAA
280,ATATATATATAATATATAA
281,AAACATAAAATTCA
282,AATATTTCATTTTCAA
283,GTCTTCTTTATTATT
284,CTTTGCACTAACTGA
285,TTTTCTATTTTTTTTTTTT
286,TATATCTATTTTTTTTTTG
287,TCATCATCTTCTTCATCT
288,CAACAACAACAACAACAACAACAACA
289,ATATAAAAGACACAA
290,AGAATATTAATTAAG
291,ATTCAATTTTTTTTTTT
292,TTTTTTTTTTTTTTTTTTCA
293,AAAATATGATAAAAAA
294,TTTGTGGAACAAGCAT
295,GACTTACTCAGTTTGA
296,AGTTTGGGTGGTATT
297,AATGATAAGTTGATAC
298,GAGCAAATATTTGAAAA
299,GACTTCAAGTACATGGATAA
300,GCGCAAGTGGTTTAGTGGTAAAATCCAACGTTGCCATCGTTGGGCCCCCGGTTCGATTCCGGGCTTGCGCA
301,ATCAACAGCTGTTGTAT
302,GGGGATAATTCTTCT
303,TTATTTAGATTTTTTTTT
304,TATTTCATTATATTTATA
305,AAAATTACAAGAACT
306,TTGATCTCTTTTACTA
307,AAATCTGACCTCAT
308,AAAAAAAAATAAACA
309,TATATATATATATATATATA
310,CATTGGTGTTATTA
311,AACTATTTAAATGATAT
312,AAGAAAAAAAATTTTT
313,TTTTTTTTTTTTTCACCCA
314,TTTGTTGGGTCTAAA
315,TACAATAAAATTTCTC
316,AATGCATCAAAATAAG
317,TAGAGTTGAACTTT
318,ATAATAATAATAATAATAATAATAATAATAG
319,TCTTGAACGAGGTCAACTT
320,CGTATCTGTGGGAAAG
321,AAGGATGAAATTTT
322,CTGGTTCTTCTTGCAAG
323,CAGCAGCAGCAGCAGCAACAGCA
324,AATTCATCTACT
325,AAAAAAATTTTTTTTTTTTT
326,TTTTTAATTTTTTTTTTT
327,TGCAAAAGTCTTTGAT
328,ATTGTTGTAATTAAGATGA
329,ACCATCAAAAATCAAA
330,AAATGAGAAAAGACCTT
331,TTTGTATTTGAATCAA
332,GAAAAAAAAAAAAAAAATG
333,CATGAAGTTGAAGT
334,GTTCCTGACATTTGTTGAA
335,ATTTTTTTTTTTTAATT
1,AATATATATATATATATATATAT
2,ATGTATTGGAAGAAGAG
3,TAATATTTTTTTAG
4,ATATATTATTTAATTTATTATT
5,ATAAAGTTAATAAT
6,TATATATATATATATATA
7,TAATATATATATATATATATATA
8,TATAATAATAATAATAATA
9,ATTATAATAATAATAATAATAATAATAATAA
10,TATAATAATAATAATAATAATAATAA
11,AATAATAATAATAATAATAATAATAA
